timestamp,target_WS,target_RH,target_T,item_id
2/11/2000,4.94,87.44,27.05,A
3/11/2000,4.5,86.19,27.14,A
4/11/2000,2.77,83.38,27.26,A
5/11/2000,2,81,27.08,A
6/11/2000,2.53,80.44,27.49,A
7/11/2000,4.17,83.62,27.6,A
8/11/2000,4.15,83.38,27.55,A
9/11/2000,5.21,85.12,27.38,A
10/11/2000,5.45,86.94,27.04,A
11/11/2000,5.56,87.19,27.33,A
12/11/2000,5.38,86.44,27.54,A
13/11/2000,6.05,85.5,27.75,A
14/11/2000,4.41,85.19,27.84,A
15/11/2000,4.8,86.19,27.27,A
16/11/2000,3.1,88.06,26.83,A
17/11/2000,2.84,83.31,27.51,A
18/11/2000,2.97,83.06,28.01,A
19/11/2000,3.56,85.06,27.98,A
20/11/2000,4.63,86.44,27.93,A
21/11/2000,4.82,87.75,27.41,A
22/11/2000,4.1,87.06,27.14,A
23/11/2000,3.16,84.81,26.9,A
24/11/2000,4.94,86.06,27.46,A
25/11/2000,4.55,87.38,27.34,A
26/11/2000,3.07,86.31,26.94,A
27/11/2000,3.81,88.5,26.64,A
28/11/2000,6.27,87.62,27.09,A
29/11/2000,6.19,85.81,27.1,A
30/11/2000,7.23,88,26.91,A
1/12/2000,5.29,87.44,26.91,A
2/12/2000,5.77,85.12,26.92,A
3/12/2000,5.18,85,27.1,A
4/12/2000,5.01,82.56,27.4,A
5/12/2000,6.2,81.19,27.45,A
6/12/2000,5.2,81.5,27.3,A
7/12/2000,5.65,81.69,27.49,A
8/12/2000,4.72,81.38,27.55,A
9/12/2000,3.32,79.38,27.59,A
10/12/2000,3.58,82.75,27.3,A
11/12/2000,3.95,84.38,27.08,A
12/12/2000,4.45,86.56,26.93,A
13/12/2000,3.92,87.69,26.83,A
14/12/2000,3.68,88.31,26.81,A
15/12/2000,4.6,88.69,26.6,A
16/12/2000,4.44,86.06,27.02,A
17/12/2000,4.8,87.06,26.93,A
18/12/2000,4.53,89.38,26.09,A
19/12/2000,3.59,88.94,26.4,A
20/12/2000,1.41,86.75,26.19,A
21/12/2000,4.88,88.62,26.53,A
22/12/2000,7.52,87.94,26.87,A
23/12/2000,8.7,86.25,26.81,A
24/12/2000,7.88,84.19,26.76,A
25/12/2000,7,82.62,26.74,A
26/12/2000,6.37,83.19,26.59,A
27/12/2000,6.04,87.75,26.28,A
28/12/2000,4.34,86.94,26.49,A
29/12/2000,1.86,86.12,26.28,A
30/12/2000,2.64,88.06,26.15,A
31/12/2000,6.43,88.06,26.27,A
1/1/2001,7.91,85.12,25.98,B
2/1/2001,6.91,82,26.08,B
3/1/2001,5.82,83.06,25.9,B
4/1/2001,4.74,80.06,26.24,B
5/1/2001,3.98,77.06,26.77,B
6/1/2001,4.77,83.56,26.57,B
7/1/2001,5.15,83.06,26.55,B
8/1/2001,5.64,83.31,26.31,B
9/1/2001,6.23,83.44,26.24,B
10/1/2001,5.33,83.94,26.14,B
11/1/2001,4.53,86.44,25.76,B
12/1/2001,3.12,85.88,25.7,B
13/1/2001,1.69,87.5,25.5,B
14/1/2001,4.37,87,26.04,B
15/1/2001,6.23,88,25.95,B
16/1/2001,6.52,86.94,26.13,B
17/1/2001,7.28,89,26.17,B
18/1/2001,4.96,89.19,26.23,B
19/1/2001,5.44,87.31,26.43,B
20/1/2001,5.69,88.12,26.48,B
21/1/2001,5.95,88.44,26.46,B
22/1/2001,6.73,89.75,26.18,B
23/1/2001,4.96,88.25,26.28,B
24/1/2001,4.59,89.19,26.33,B
25/1/2001,3.14,88.38,26.24,B
26/1/2001,3.45,88.62,26.46,B
27/1/2001,3.76,89,26.49,B
28/1/2001,5.66,86,26.76,B
29/1/2001,7.87,83.5,27.05,B
30/1/2001,8.69,84.44,26.84,B
31/1/2001,6.61,89.12,26.15,B
1/2/2001,4.36,90.5,25.37,B
2/2/2001,5.02,90.38,25.57,B
3/2/2001,5.01,89.25,25.73,B
4/2/2001,5.89,89.44,25.77,B
5/2/2001,5.99,90.5,25.9,B
6/2/2001,6.85,89.69,26.14,B
7/2/2001,5.84,89.44,25.91,B
8/2/2001,6.03,89.12,25.57,B
9/2/2001,6.8,91.12,25.47,B
10/2/2001,7.49,91.12,25.37,B
11/2/2001,8.1,88.12,26.24,B
12/2/2001,7.27,87.88,26.39,B
13/2/2001,6.88,90.31,26.04,B
14/2/2001,8.53,87.38,26.32,B
15/2/2001,9.18,85.56,26.36,B
16/2/2001,8.95,82.62,26.26,B
17/2/2001,7.52,81.12,26.18,B
18/2/2001,6.04,81.12,26.2,B
19/2/2001,5.46,85.06,25.84,B
20/2/2001,5.46,84.56,25.96,B
21/2/2001,3.09,81.19,25.86,B
22/2/2001,3.82,81.38,26.5,B
23/2/2001,3.41,81.5,26.55,B
24/2/2001,4.09,84.19,26.52,B
25/2/2001,2.26,76.44,26.16,B
26/2/2001,4.73,81.94,26.74,B
27/2/2001,4.91,77.31,26.94,B
28/2/2001,5.87,80.06,26.55,B
1/3/2001,5.91,80.12,26.82,B
2/3/2001,6.98,82.31,27.43,B
3/3/2001,6.55,82.88,27.27,B
4/3/2001,6.7,87.25,26.4,B
5/3/2001,8.57,87.62,26.62,B
6/3/2001,6.75,86.56,26.65,B
7/3/2001,3.81,86.62,26.42,B
8/3/2001,2.28,86.06,26.42,B
9/3/2001,3.38,85.12,26.36,B
10/3/2001,4.49,87.81,26.58,B
11/3/2001,4.4,87,26.79,B
12/3/2001,2.98,86.44,26.33,B
13/3/2001,3.01,85.56,26.48,B
14/3/2001,3.81,87.25,26.92,B
15/3/2001,4.66,84.19,27.25,B
16/3/2001,3.76,84.38,27.08,B
17/3/2001,2.86,85.94,26.84,B
18/3/2001,2.3,82.06,27.05,B
19/3/2001,2.97,83.62,27.15,B
20/3/2001,1.5,83.06,26.77,B
21/3/2001,3.28,82.56,27.04,B
22/3/2001,1.86,80.56,27.4,B
23/3/2001,2.82,84.25,27.32,B
24/3/2001,3.2,87.06,27.02,B
25/3/2001,4.16,85.94,27.5,B
26/3/2001,3.27,80.19,28.02,B
27/3/2001,4.6,84.12,27.87,B
28/3/2001,3.78,82.75,28.11,B
29/3/2001,3.16,84.69,27.65,B
30/3/2001,1.34,82.38,27.41,B
31/3/2001,2.13,81.19,27.71,B
1/4/2001,2.71,81.69,27.91,B
2/4/2001,2.73,82.38,28.04,B
3/4/2001,2.56,81.81,28.07,B
4/4/2001,3.09,83.62,27.66,B
5/4/2001,1.67,82.12,27.34,B
6/4/2001,1.84,81.38,27.61,B
7/4/2001,2.24,81.62,27.48,B
8/4/2001,1.28,77.94,27.82,B
9/4/2001,1.27,76.12,28.3,B
10/4/2001,1.37,79.25,27.86,B
11/4/2001,1.71,71.69,28.41,B
12/4/2001,1.84,72.62,28.51,B
13/4/2001,2.78,80.75,28.05,B
14/4/2001,2.07,78.69,28.26,B
15/4/2001,1.91,78.31,28.16,B
16/4/2001,2.34,80.75,28.01,B
17/4/2001,2.12,81.94,27.83,B
18/4/2001,1.5,79.12,27.83,B
19/4/2001,1.52,75.88,28.33,B
20/4/2001,1.62,77,28.37,B
21/4/2001,3.86,82.25,28.51,B
22/4/2001,3.38,83.94,28.3,B
23/4/2001,2.88,85.38,28.03,B
24/4/2001,2.41,84.94,27.79,B
25/4/2001,1.84,83.69,27.68,B
26/4/2001,1.73,83.38,27.8,B
27/4/2001,0.94,82.5,27.8,B
28/4/2001,1.98,80,28.35,B
29/4/2001,5.06,86.19,28.33,B
30/4/2001,3.5,86.31,28.02,B
1/5/2001,2.4,82.19,28.52,B
2/5/2001,1.36,79.31,28.58,B
3/5/2001,2.28,78.12,28.93,B
4/5/2001,2.78,80.25,28.98,B
5/5/2001,2.66,81,28.72,B
6/5/2001,2.36,78.62,28.99,B
7/5/2001,1.98,78.75,28.87,B
8/5/2001,2.27,80.19,28.75,B
9/5/2001,2.16,79.5,28.81,B
10/5/2001,2.69,82.25,28.73,B
11/5/2001,1.79,77.12,28.86,B
12/5/2001,1.7,79.81,28.26,B
13/5/2001,2.2,81.38,28.26,B
14/5/2001,3.75,80.81,28.87,B
15/5/2001,4.8,82.31,29.35,B
16/5/2001,3.54,81.81,29.08,B
17/5/2001,2.92,83.88,29,B
18/5/2001,3.29,82.25,28.57,B
19/5/2001,4.12,83.44,28.81,B
20/5/2001,4.06,82.06,28.95,B
21/5/2001,4.34,79.25,29.33,B
22/5/2001,4.62,80.44,29.31,B
23/5/2001,4.45,81.44,29.26,B
24/5/2001,4.11,81.88,29.13,B
25/5/2001,4.62,78.5,29.55,B
26/5/2001,4.16,77.62,29.38,B
27/5/2001,4.12,81.44,28.66,B
28/5/2001,3.3,81,28.33,B
29/5/2001,1.99,79.94,27.94,B
30/5/2001,2.91,83.25,28.05,B
31/5/2001,3.15,81.19,28.58,B
1/6/2001,2.91,78.88,28.95,B
2/6/2001,2.13,78.31,28.78,B
3/6/2001,1.31,74.56,28.65,B
4/6/2001,1.76,79.06,28.23,B
5/6/2001,2.3,83.38,27.91,B
6/6/2001,3.53,85.25,27.8,B
7/6/2001,3.98,86.06,27.78,B
8/6/2001,4.09,79.19,28.15,B
9/6/2001,2.27,76.75,28.14,B
10/6/2001,3.15,76.12,29.02,B
11/6/2001,3.01,79.5,28.82,B
12/6/2001,1.58,76.44,28.55,B
13/6/2001,1.26,75.69,28.59,B
14/6/2001,4.12,79.94,28.89,B
15/6/2001,3.52,79,28.65,B
16/6/2001,4.49,79.19,28.58,B
17/6/2001,5.26,81.44,28.54,B
18/6/2001,6.39,78.12,28.84,B
19/6/2001,5.01,80.38,28.44,B
20/6/2001,5.77,79.19,28.7,B
21/6/2001,6.57,78.06,29.04,B
22/6/2001,6.37,83,28.58,B
23/6/2001,6.15,84.69,28.01,B
24/6/2001,5.62,84.88,28.33,B
25/6/2001,6.03,85.62,28.01,B
26/6/2001,6.5,83.88,28.02,B
27/6/2001,6.33,81.69,28.32,B
28/6/2001,6.73,85.25,28.28,B
29/6/2001,7.5,78.38,28.47,B
30/6/2001,5.94,79.06,28.63,B
1/7/2001,5.86,80.19,29.01,B
2/7/2001,7.98,78.38,29.36,B
3/7/2001,7.89,79.75,29.22,B
4/7/2001,6.84,79.19,28.98,B
5/7/2001,7.84,78.81,29.11,B
6/7/2001,8.34,76.69,29.08,B
7/7/2001,7.36,73.75,29.15,B
8/7/2001,6.55,73.81,29,B
9/7/2001,4.81,75.69,28.89,B
10/7/2001,4.73,77.31,28.95,B
11/7/2001,4.58,81.06,28.61,B
12/7/2001,3.73,82.44,28.27,B
13/7/2001,4.21,83.06,28.23,B
14/7/2001,5.64,81.38,28.62,B
15/7/2001,5.51,82.94,28.69,B
16/7/2001,4,83.06,28.42,B
17/7/2001,2.98,81.31,28.23,B
18/7/2001,2.78,80.62,27.99,B
19/7/2001,3.95,80.44,28.63,B
20/7/2001,4.39,83.25,28.55,B
21/7/2001,4.93,85.44,28.25,B
22/7/2001,5.16,85.62,28.19,B
23/7/2001,3.19,79.19,28.47,B
24/7/2001,3.44,80.19,28.38,B
25/7/2001,5.05,81.69,28.39,B
26/7/2001,6.14,83.88,27.8,B
27/7/2001,5.73,78.56,28.8,B
28/7/2001,5.83,81.38,28.37,B
29/7/2001,4.37,82.31,27.88,B
30/7/2001,4.37,84.69,27.84,B
31/7/2001,4,84.88,27.72,B
1/8/2001,3.87,85.88,27.21,B
2/8/2001,2.12,84.69,26.8,B
3/8/2001,3.01,79.69,26.91,B
4/8/2001,3.28,80.75,27.48,B
5/8/2001,5.77,86.19,27.57,B
6/8/2001,7.61,83.81,28.23,B
7/8/2001,6.52,81.94,28.35,B
8/8/2001,5.45,82.25,28.16,B
9/8/2001,4.6,85.12,27.4,B
10/8/2001,6.02,83.06,28.15,B
11/8/2001,5.5,81.75,28.44,B
12/8/2001,5.09,75.62,29.08,B
13/8/2001,4.96,75.75,29.01,B
14/8/2001,4.79,80.19,28.62,B
15/8/2001,5.34,83.31,28.53,B
16/8/2001,6.77,81.56,28.69,B
17/8/2001,6.09,83.94,28.42,B
18/8/2001,5.3,84.75,28.2,B
19/8/2001,5.05,85.06,28.28,B
20/8/2001,6.11,86.62,28.19,B
21/8/2001,6.34,83.12,28.07,B
22/8/2001,7,82.12,28.51,B
23/8/2001,5.13,82.81,28.55,B
24/8/2001,4.61,81.38,28.73,B
25/8/2001,6.14,83.12,28.98,B
26/8/2001,6.4,82.69,28.62,B
27/8/2001,7.17,84.06,28.06,B
28/8/2001,5.98,83.56,27.9,B
29/8/2001,5.82,84.12,28.15,B
30/8/2001,5.61,87.25,27.58,B
31/8/2001,3.17,81.06,27.43,B
1/9/2001,4.55,82.56,28.33,B
2/9/2001,3.87,81.69,28.2,B
3/9/2001,4.73,82.88,28.18,B
4/9/2001,5.14,83.88,28.05,B
5/9/2001,4.92,85.12,27.84,B
6/9/2001,5.88,84.5,27.97,B
7/9/2001,5.72,83.25,27.58,B
8/9/2001,5,83.5,27.42,B
9/9/2001,4.72,81.25,28.15,B
10/9/2001,4.75,78.25,28.82,B
11/9/2001,5.3,78.75,28.4,B
12/9/2001,3.86,77.81,28.32,B
13/9/2001,2.95,77.62,28.2,B
14/9/2001,2.77,80.31,27.87,B
15/9/2001,2.47,80.19,27.86,B
16/9/2001,2.18,80.69,27.69,B
17/9/2001,3,83.62,27.31,B
18/9/2001,4.07,84.38,27.42,B
19/9/2001,3.98,83.94,27.26,B
20/9/2001,3.51,82.56,27.51,B
21/9/2001,2.98,81.69,27.55,B
22/9/2001,3.34,84.81,27.48,B
23/9/2001,4.2,82.69,27.91,B
24/9/2001,4.72,82.38,28.22,B
25/9/2001,3.46,80,28.37,B
26/9/2001,4.44,84.62,27.8,B
27/9/2001,3.48,84.5,27.26,B
28/9/2001,1.48,82.62,26.98,B
29/9/2001,1.2,79.44,26.69,B
30/9/2001,1.73,80.25,26.95,B
1/10/2001,2.95,85.62,26.76,B
2/10/2001,4.84,85.81,27.19,B
3/10/2001,4.38,85.31,27.39,B
4/10/2001,3.11,84.38,27.27,B
5/10/2001,3.74,84.12,27.55,B
6/10/2001,2.93,82.62,27.63,B
7/10/2001,2.12,81.44,27.3,B
8/10/2001,2.62,81.12,27.15,B
9/10/2001,1.3,75.56,28.12,B
10/10/2001,1.56,74,28.62,B
11/10/2001,2.78,79.31,28.14,B
12/10/2001,2.58,81.81,27.61,B
13/10/2001,1.95,77.62,28.35,B
14/10/2001,1.84,80.19,28.01,B
15/10/2001,1.71,79.38,27.78,B
16/10/2001,5.16,85.19,27.9,B
17/10/2001,3.27,80,28.19,B
18/10/2001,4.48,86.56,27.41,B
19/10/2001,3.65,84.25,27.47,B
20/10/2001,1.49,80.94,27.74,B
21/10/2001,1.72,80.19,27.83,B
22/10/2001,4.54,81.94,28.37,B
23/10/2001,2.52,80.5,28.27,B
24/10/2001,2.05,79.62,27.85,B
25/10/2001,3.6,80.62,27.93,B
26/10/2001,2.18,81.25,27.86,B
27/10/2001,3.44,81.56,28.04,B
28/10/2001,3.25,87.88,27.13,B
29/10/2001,2.19,86.25,26.9,B
30/10/2001,2.8,86.5,26.84,B
31/10/2001,2.73,83.81,27.22,B
1/11/2001,1.56,81.75,26.85,B
2/11/2001,2.77,81.25,27.53,B
3/11/2001,2.18,81.12,27.43,B
4/11/2001,1.72,79.75,27.33,B
5/11/2001,3.12,83.31,27.01,B
6/11/2001,2.54,85.06,26.65,B
7/11/2001,2.52,83.62,27.25,B
8/11/2001,1.67,82.56,27.33,B
9/11/2001,1.88,82.44,27.26,B
10/11/2001,1.83,83.38,27.26,B
11/11/2001,1.39,82.81,27.31,B
12/11/2001,1.59,80.69,27.52,B
13/11/2001,2.3,84.38,27.55,B
14/11/2001,1.23,81.56,27.5,B
15/11/2001,4.09,88.69,26.44,B
16/11/2001,6.23,87.69,27.08,B
17/11/2001,7.1,84.56,27.98,B
18/11/2001,10.77,86,27.52,B
19/11/2001,8.62,84.06,27.62,B
20/11/2001,8.01,84.38,27.38,B
21/11/2001,8.4,81.88,27.62,B
22/11/2001,7.31,80.69,27.54,B
23/11/2001,7.15,81.31,27.34,B
24/11/2001,6.67,80.44,27.19,B
25/11/2001,7.73,79.06,27.15,B
26/11/2001,7.7,78.56,27.01,B
27/11/2001,7.27,77.81,27.14,B
28/11/2001,6.05,83.31,27.05,B
29/11/2001,3.79,86.06,26.95,B
30/11/2001,2.09,85.62,26.53,B
1/12/2001,2.36,84.19,26.48,B
2/12/2001,4.87,83.44,25.98,B
3/12/2001,5.25,82.81,26.8,B
4/12/2001,5.51,81.06,27.17,B
5/12/2001,6.89,84.31,27.13,B
6/12/2001,7.28,85.06,27.05,B
7/12/2001,5.37,83.31,26.68,B
8/12/2001,4.37,87.75,26.48,B
9/12/2001,3.73,83.19,27.19,B
10/12/2001,4.08,83.88,27.15,B
11/12/2001,5.38,83.19,27.08,B
12/12/2001,5.75,82.81,26.51,B
13/12/2001,5.27,82.88,27.14,B
14/12/2001,5.33,82.94,27.51,B
15/12/2001,5.16,83.06,27.71,B
16/12/2001,3.88,85.88,27.26,B
17/12/2001,4.59,85.56,27.38,B
18/12/2001,4.52,86.31,27.37,B
19/12/2001,8.24,82.31,27.42,B
20/12/2001,8.58,83.62,27.3,B
21/12/2001,8.63,85.31,27.23,B
22/12/2001,9.62,88.19,26.94,B
23/12/2001,8.4,84.38,27.04,B
24/12/2001,9.41,83.88,27.14,B
25/12/2001,10.6,83.06,26.99,B
26/12/2001,9.12,85.75,26.83,B
27/12/2001,9.27,87.81,26.76,B
28/12/2001,7.38,88.06,26.49,B
29/12/2001,9.94,84,26.59,B
30/12/2001,8.98,81.75,26.19,B
31/12/2001,7.65,80.81,26.17,B
1/1/2002,7.3,80.88,26.15,C
2/1/2002,7.71,81.25,26.2,C
3/1/2002,8.16,78.56,26.37,C
4/1/2002,8.51,82,26.51,C
5/1/2002,9.09,84.44,26.94,C
6/1/2002,9.16,83.12,26.87,C
7/1/2002,9.24,83.31,26.67,C
8/1/2002,9.9,83.38,26.6,C
9/1/2002,9.68,84.69,26.47,C
10/1/2002,9.01,83.62,26.44,C
11/1/2002,7.34,85.38,26.23,C
12/1/2002,7.16,85,26.08,C
13/1/2002,7.12,84.69,26.04,C
14/1/2002,6.53,81.94,26.14,C
15/1/2002,5.05,83.44,25.94,C
16/1/2002,5.68,88.75,25.43,C
17/1/2002,5.9,91.31,25.53,C
18/1/2002,5.99,91.12,25.81,C
19/1/2002,5.42,89.38,25.91,C
20/1/2002,6.12,90.25,25.78,C
21/1/2002,6.32,90.69,25.76,C
22/1/2002,8.38,89.81,25.8,C
23/1/2002,8.55,87.88,25.93,C
24/1/2002,7.5,90.88,25.8,C
25/1/2002,6.84,91.94,25.66,C
26/1/2002,5.75,85.19,25.87,C
27/1/2002,7.07,86.38,25.61,C
28/1/2002,8.38,89.88,25.53,C
29/1/2002,9.4,84.69,25.91,C
30/1/2002,9.05,85.25,25.83,C
31/1/2002,9.08,83.38,25.63,C
1/2/2002,6.95,87.62,25.15,C
2/2/2002,6.69,87.5,25.17,C
3/2/2002,7,84.25,25.62,C
4/2/2002,6.62,85.12,25.87,C
5/2/2002,6.63,82.44,25.96,C
6/2/2002,6.56,78.06,25.84,C
7/2/2002,5.25,80.94,25.55,C
8/2/2002,5.72,82.81,25.41,C
9/2/2002,6.16,80.06,25.69,C
10/2/2002,6.77,84.38,25.71,C
11/2/2002,7.6,87.44,25.73,C
12/2/2002,7.38,86.62,25.84,C
13/2/2002,8.45,85,25.94,C
14/2/2002,7.47,82.12,26.33,C
15/2/2002,7.62,81.5,26.26,C
16/2/2002,7.34,81.12,26.24,C
17/2/2002,7.14,84,26.17,C
18/2/2002,7.59,85.12,26.3,C
19/2/2002,8.09,85.62,26.31,C
20/2/2002,7.7,85.19,26.12,C
21/2/2002,6.22,87.44,25.86,C
22/2/2002,6.59,89.94,25.67,C
23/2/2002,6.4,87.62,26.08,C
24/2/2002,6.03,87.5,26.21,C
25/2/2002,6.09,86.75,26.31,C
26/2/2002,5.8,90.06,26.1,C
27/2/2002,5.44,93.12,25.84,C
28/2/2002,5.3,92.19,25.76,C
1/3/2002,4.77,87.81,26.01,C
2/3/2002,6.05,89.25,25.76,C
3/3/2002,6.06,83.88,25.79,C
4/3/2002,5.19,78.5,26.48,C
5/3/2002,4.85,77.69,26.86,C
6/3/2002,5.41,83.44,25.99,C
7/3/2002,6.42,83.12,26.26,C
8/3/2002,7.2,78,26.96,C
9/3/2002,7.09,81,26.79,C
10/3/2002,6.57,80.88,26.83,C
11/3/2002,6.64,83.12,26.61,C
12/3/2002,5.9,81,26.8,C
13/3/2002,4.64,82.31,26.93,C
14/3/2002,3.45,79.19,27.26,C
15/3/2002,3.18,78.81,27.4,C
16/3/2002,2.23,77.19,27.36,C
17/3/2002,3.62,78.19,27.51,C
18/3/2002,6.44,79,27.66,C
19/3/2002,6.91,86.25,27.18,C
20/3/2002,5.9,90.31,26.55,C
21/3/2002,3.86,89.44,26.58,C
22/3/2002,2.97,88.12,26.71,C
23/3/2002,2.42,85.19,26.81,C
24/3/2002,3.13,84.56,26.83,C
25/3/2002,3.09,83.81,26.86,C
26/3/2002,2.71,81.5,26.68,C
27/3/2002,2.63,82.69,27.11,C
28/3/2002,2.88,81.38,27.8,C
29/3/2002,3.21,81.94,27.84,C
30/3/2002,2.65,80,27.73,C
31/3/2002,4.38,82.94,27.55,C
1/4/2002,5.28,75.25,27.73,C
2/4/2002,4.3,75.12,27.79,C
3/4/2002,2.23,78.38,27.69,C
4/4/2002,2.43,77.12,28.09,C
5/4/2002,3.21,80.56,27.94,C
6/4/2002,3.09,81.44,27.87,C
7/4/2002,4.87,83.06,28.02,C
8/4/2002,3.21,84.31,27.49,C
9/4/2002,2.12,84.44,27.12,C
10/4/2002,2.02,82.81,27.19,C
11/4/2002,2.28,79.56,27.63,C
12/4/2002,5.16,79.69,28.2,C
13/4/2002,5.61,80.69,28.65,C
14/4/2002,4.04,80.75,28,C
15/4/2002,2.05,77.12,27.64,C
16/4/2002,1.88,80.31,27.75,C
17/4/2002,1.7,78.69,28.01,C
18/4/2002,3.6,79.31,28.62,C
19/4/2002,3.84,81,28.12,C
20/4/2002,3.91,85.19,27.92,C
21/4/2002,3.16,84.5,28.17,C
22/4/2002,3.19,80.69,28.51,C
23/4/2002,1.96,75.75,28.62,C
24/4/2002,2.59,76.94,28.81,C
25/4/2002,1.47,76,28.65,C
26/4/2002,2.53,80.5,28.48,C
27/4/2002,2.48,82.38,28.12,C
28/4/2002,1.11,79.44,28.14,C
29/4/2002,1.88,82.25,28.12,C
30/4/2002,1.95,84.06,27.81,C
1/5/2002,3.1,87,27.56,C
2/5/2002,3.83,86.06,27.95,C
3/5/2002,3.75,84,28.51,C
4/5/2002,4.53,83.88,28.98,C
5/5/2002,4.12,86.69,28.27,C
6/5/2002,1.62,88.06,27.54,C
7/5/2002,2.6,89.56,27.07,C
8/5/2002,3.66,88.94,27.62,C
9/5/2002,4.32,87.5,28.02,C
10/5/2002,4.69,82.38,28.43,C
11/5/2002,4.47,85.38,28.58,C
12/5/2002,3.59,87.06,28.33,C
13/5/2002,3.62,83.38,28.71,C
14/5/2002,2.88,79.69,29.07,C
15/5/2002,2.8,77.44,29.17,C
16/5/2002,3.49,79.81,29.15,C
17/5/2002,4.62,82.5,29.18,C
18/5/2002,4.84,81,29.37,C
19/5/2002,5.24,76.44,29.63,C
20/5/2002,5.16,75.44,29.45,C
21/5/2002,4.5,78.25,28.98,C
22/5/2002,3.5,80.44,28.84,C
23/5/2002,3.38,79.44,28.93,C
24/5/2002,4.02,79.69,28.87,C
25/5/2002,4.28,81.31,28.69,C
26/5/2002,4.2,83.62,28.38,C
27/5/2002,3.92,84.06,27.47,C
28/5/2002,4.04,83,28.02,C
29/5/2002,4.71,82.31,28.7,C
30/5/2002,3.36,82.19,28.51,C
31/5/2002,3,82.62,28.44,C
1/6/2002,3.23,81.19,28.56,C
2/6/2002,3.39,82.62,28.5,C
3/6/2002,4.32,84.19,28.58,C
4/6/2002,4.73,83,28.62,C
5/6/2002,4.79,82.69,28.9,C
6/6/2002,3.52,81.25,28.87,C
7/6/2002,2.98,80.5,28.71,C
8/6/2002,4.65,82.75,28.77,C
9/6/2002,4.97,85,28.62,C
10/6/2002,3.89,83.38,28.48,C
11/6/2002,1.64,84.88,27.19,C
12/6/2002,3.46,80.06,27.73,C
13/6/2002,2.83,85.25,27,C
14/6/2002,1.91,79.88,27.28,C
15/6/2002,3.22,84.56,27.62,C
16/6/2002,3.8,84.94,28.03,C
17/6/2002,4.69,83.62,28.22,C
18/6/2002,5.28,80,29.01,C
19/6/2002,5.11,83.25,28.73,C
20/6/2002,5.53,82.81,28.89,C
21/6/2002,5.66,81.12,29.2,C
22/6/2002,5.41,83.5,28.97,C
23/6/2002,3.98,84,28.64,C
24/6/2002,5.06,86.19,28.37,C
25/6/2002,4.55,85.38,28.27,C
26/6/2002,4.79,86.69,28.47,C
27/6/2002,5.22,85.06,28.67,C
28/6/2002,3.84,84.69,28.41,C
29/6/2002,4.96,85.44,28.46,C
30/6/2002,5.83,84.31,28.51,C
1/7/2002,6.75,86.19,27.85,C
2/7/2002,6.34,84.19,28.22,C
3/7/2002,7.07,84.56,28.32,C
4/7/2002,7,83.5,28.4,C
5/7/2002,6.97,82.81,28.6,C
6/7/2002,7.28,84,28.69,C
7/7/2002,6.89,82.62,28.97,C
8/7/2002,6.41,82.44,29.08,C
9/7/2002,6.55,82.75,29.12,C
10/7/2002,6.53,83.88,28.79,C
11/7/2002,6.91,84.25,28.68,C
12/7/2002,6.98,85.75,28.24,C
13/7/2002,4.98,84.94,28.2,C
14/7/2002,6.76,83.56,28.67,C
15/7/2002,7.54,82.94,28.87,C
16/7/2002,6.96,81.81,28.98,C
17/7/2002,6.3,82.69,28.27,C
18/7/2002,5.11,85.38,27.83,C
19/7/2002,3.62,80.94,28.03,C
20/7/2002,4.8,79.5,28.6,C
21/7/2002,4.37,82.5,28.39,C
22/7/2002,3.63,83.62,27.86,C
23/7/2002,5.2,85.06,27.93,C
24/7/2002,5.84,84.31,28.12,C
25/7/2002,4.53,85.06,28.14,C
26/7/2002,4.89,84.88,28.01,C
27/7/2002,5.95,81.62,28.58,C
28/7/2002,6.37,80.31,28.69,C
29/7/2002,5.94,83.56,28.15,C
30/7/2002,4.72,79.81,28.04,C
31/7/2002,4.38,80.06,28.44,C
1/8/2002,4.48,82.81,28.51,C
2/8/2002,5.16,81.81,28.7,C
3/8/2002,5.46,81.44,28.44,C
4/8/2002,6.09,82.69,28.32,C
5/8/2002,5.14,79.69,28.38,C
6/8/2002,6.14,78.62,28.76,C
7/8/2002,3.78,77.94,27.95,C
8/8/2002,3.19,82.75,27.52,C
9/8/2002,2.7,82.62,27.47,C
10/8/2002,4.25,81.69,28.02,C
11/8/2002,5.6,82.25,28.44,C
12/8/2002,3.92,82.5,28.24,C
13/8/2002,3.91,83.06,27.98,C
14/8/2002,5.66,82.06,28.49,C
15/8/2002,7.6,77,28.88,C
16/8/2002,6.65,73.81,28.82,C
17/8/2002,7.31,75.75,28.92,C
18/8/2002,7.98,75.19,28.99,C
19/8/2002,8.66,79.31,28.64,C
20/8/2002,7.62,79.44,28.4,C
21/8/2002,5.39,81.44,27.94,C
22/8/2002,3.39,80.5,28.2,C
23/8/2002,2.78,80.94,27.97,C
24/8/2002,4.01,82.06,28,C
25/8/2002,3.31,80.69,28.07,C
26/8/2002,2.84,80.06,28.05,C
27/8/2002,4.7,82.69,27.76,C
28/8/2002,3.48,84.19,27.63,C
29/8/2002,2.81,83.38,27.36,C
30/8/2002,3.12,81.12,27.58,C
31/8/2002,3.02,81.31,27.27,C
1/9/2002,4.67,83,27.83,C
2/9/2002,4.29,82.75,28.01,C
3/9/2002,4.44,82.88,27.78,C
4/9/2002,4.63,84.75,27.7,C
5/9/2002,4.33,85.44,27.41,C
6/9/2002,4.21,85.19,27.7,C
7/9/2002,5.13,85.81,27.71,C
8/9/2002,5.77,85.94,27.3,C
9/9/2002,5.05,82.31,27.38,C
10/9/2002,5.21,85.19,26.8,C
11/9/2002,5.3,83.69,27.05,C
12/9/2002,3.99,77.44,28.21,C
13/9/2002,3.86,78.5,28.37,C
14/9/2002,3.66,82.38,27.87,C
15/9/2002,4.51,83,28.21,C
16/9/2002,3.95,79.88,28.45,C
17/9/2002,5.17,78.12,28.62,C
18/9/2002,5.88,73.12,29.15,C
19/9/2002,5.62,75.06,28.86,C
20/9/2002,4.98,78.81,28.51,C
21/9/2002,5.23,80.69,28.33,C
22/9/2002,5.38,81.69,28.14,C
23/9/2002,5.03,82.19,27.74,C
24/9/2002,5.88,84.25,27.56,C
25/9/2002,4.3,84.25,27.67,C
26/9/2002,4,80.94,28.24,C
27/9/2002,1.94,79.56,27.76,C
28/9/2002,1.96,83.75,26.9,C
29/9/2002,2.11,76.94,27.36,C
30/9/2002,2.16,79.56,27.24,C
1/10/2002,1.73,74.44,28.07,C
2/10/2002,1.29,69,28.46,C
3/10/2002,2.82,76.31,28.57,C
4/10/2002,2.55,79.94,28.3,C
5/10/2002,2.98,81.94,28.34,C
6/10/2002,1.59,80.75,27.81,C
7/10/2002,1.91,80.38,27.48,C
8/10/2002,1.61,83.19,26.84,C
9/10/2002,1.41,82.62,26.87,C
10/10/2002,1.73,77.44,27.78,C
11/10/2002,1.73,80.62,27.55,C
12/10/2002,4.31,81.75,28.02,C
13/10/2002,2.91,77.31,28.45,C
14/10/2002,3.14,80.94,27.77,C
15/10/2002,2.55,78.81,27.83,C
16/10/2002,1.87,80.38,27.86,C
17/10/2002,1.5,81.56,27.45,C
18/10/2002,3.17,84.31,27.36,C
19/10/2002,2.57,82.19,27.74,C
20/10/2002,1.33,79.44,27.63,C
21/10/2002,1.88,80.94,27.47,C
22/10/2002,2.05,78.25,27.83,C
23/10/2002,1.73,74.88,28.09,C
24/10/2002,3.7,76.62,28.62,C
25/10/2002,2.41,78.69,28.23,C
26/10/2002,2.59,76.31,28.45,C
27/10/2002,2.59,78.38,28.37,C
28/10/2002,2.77,74.75,28.74,C
29/10/2002,1.58,75.19,28.29,C
30/10/2002,1.36,74.44,28.22,C
31/10/2002,1.13,73.44,28.49,C
1/11/2002,2.09,75.12,28.72,C
2/11/2002,3.51,81.88,28.21,C
3/11/2002,2.88,85.12,27.21,C
4/11/2002,4.27,86.31,27.08,C
5/11/2002,4.96,84.44,27.4,C
6/11/2002,3.09,86.56,26.91,C
7/11/2002,2.45,84.56,26.97,C
8/11/2002,2.7,80.38,27.75,C
9/11/2002,2.6,82.44,27.81,C
10/11/2002,2.7,86,27.3,C
11/11/2002,2.27,82.75,27.44,C
12/11/2002,2.33,81.75,27.65,C
13/11/2002,2.68,84.88,27.53,C
14/11/2002,1.92,84.94,26.68,C
15/11/2002,3.08,85.38,27.32,C
16/11/2002,1.25,80.31,27.65,C
17/11/2002,2.12,82.62,27.58,C
18/11/2002,5.32,86.25,27.62,C
19/11/2002,2.39,87.75,27.05,C
20/11/2002,2.44,81.94,26.98,C
21/11/2002,2.59,82.75,27.15,C
22/11/2002,2.5,84.62,26.74,C
23/11/2002,2.09,84.38,26.98,C
24/11/2002,5.17,88.94,26.77,C
25/11/2002,5.98,88.25,26.68,C
26/11/2002,4.81,81.81,27.58,C
27/11/2002,6.09,83.06,27.85,C
28/11/2002,4.36,79.69,28.06,C
29/11/2002,2.07,79.81,27.48,C
30/11/2002,1.41,78.69,27.47,C
1/12/2002,2.29,77.25,27.81,C
2/12/2002,3.38,75.56,28.33,C
3/12/2002,3.73,78.75,27.9,C
4/12/2002,3.93,82.69,27.59,C
5/12/2002,3.37,84.19,27.38,C
6/12/2002,3.82,84.12,27.62,C
7/12/2002,2.8,87.19,27.05,C
8/12/2002,4.74,89,27.11,C
9/12/2002,7.11,84.06,27.41,C
10/12/2002,7.48,88.5,26.82,C
11/12/2002,6.79,88.19,27.01,C
12/12/2002,6.6,88.56,26.96,C
13/12/2002,6.62,88.94,26.69,C
14/12/2002,7.34,85.62,27.27,C
15/12/2002,6.47,84.62,27.65,C
16/12/2002,5.41,87,27.55,C
17/12/2002,4.22,88.06,27.4,C
18/12/2002,2.95,87.69,27.39,C
19/12/2002,4,88.75,27.37,C
20/12/2002,3.66,90.12,27.09,C
21/12/2002,4,88.88,27.05,C
22/12/2002,5.34,87.81,27.3,C
23/12/2002,7.25,82.62,27.83,C
24/12/2002,6.17,82.44,28.03,C
25/12/2002,5.38,85.12,27.75,C
26/12/2002,4.96,87.62,27.24,C
27/12/2002,3.05,85.69,26.8,C
28/12/2002,3.6,86.19,26.76,C
29/12/2002,4.04,85.5,27.1,C
30/12/2002,3.97,85.62,27,C
31/12/2002,3.6,87.31,26.77,C
1/1/2003,4.99,87.62,26.94,D
2/1/2003,6.41,85.94,27.4,D
3/1/2003,7.36,83.94,27.79,D
4/1/2003,8.6,85.94,27.28,D
5/1/2003,9.24,83.88,27.71,D
6/1/2003,7.44,83.5,27.52,D
7/1/2003,6.96,84.56,27.68,D
8/1/2003,8.98,82.56,27.69,D
9/1/2003,7.38,82.44,27.09,D
10/1/2003,7.67,84.19,27.06,D
11/1/2003,7.88,86.38,26.69,D
12/1/2003,7.77,82.31,26.96,D
13/1/2003,8.05,81.19,26.87,D
14/1/2003,7.66,82.69,27.07,D
15/1/2003,8.1,82.69,27.38,D
16/1/2003,8.7,82.06,27.27,D
17/1/2003,9.09,82.06,27.4,D
18/1/2003,8.88,86.25,27.01,D
19/1/2003,8.91,85.44,26.9,D
20/1/2003,7.45,84.69,26.9,D
21/1/2003,6.52,83.62,26.9,D
22/1/2003,4.95,81.62,26.87,D
23/1/2003,4.83,81.69,26.85,D
24/1/2003,4.62,81.69,26.92,D
25/1/2003,5.97,85.56,26.76,D
26/1/2003,5.3,79,27.23,D
27/1/2003,6.33,80,26.88,D
28/1/2003,7.82,83.5,26.88,D
29/1/2003,9.72,83.25,26.9,D
30/1/2003,8.45,85.38,26.97,D
31/1/2003,8.31,89.06,26.66,D
1/2/2003,5.32,89.25,26.27,D
2/2/2003,8.46,84.19,27.07,D
3/2/2003,8.58,82.69,26.98,D
4/2/2003,8.39,83.44,26.73,D
5/2/2003,9.59,81.88,26.86,D
6/2/2003,9.98,82.19,26.83,D
7/2/2003,8.2,83.5,26.78,D
8/2/2003,7.39,87.94,26.47,D
9/2/2003,6.07,89.19,26.54,D
10/2/2003,5.17,88,26.8,D
11/2/2003,6.07,88.5,26.88,D
12/2/2003,7.12,89.06,26.88,D
13/2/2003,7.4,83.81,26.85,D
14/2/2003,6.3,87.06,26.52,D
15/2/2003,5.54,88.62,26.05,D
16/2/2003,4.68,88.38,26.31,D
17/2/2003,4.57,88.12,26.37,D
18/2/2003,5.35,80.94,26.92,D
19/2/2003,5.64,86.19,26.6,D
20/2/2003,6.2,82.19,26.62,D
21/2/2003,6.14,78.62,27.01,D
22/2/2003,4.96,77.5,27.18,D
23/2/2003,4.77,81.38,26.76,D
24/2/2003,4.33,84.88,26.48,D
25/2/2003,4.66,84.38,26.87,D
26/2/2003,5.98,85.88,26.83,D
27/2/2003,5.23,82.75,26.8,D
28/2/2003,5.5,79.88,27.08,D
1/3/2003,3.88,79.56,27.24,D
2/3/2003,2.84,82.38,27.17,D
3/3/2003,3.1,84.19,27.19,D
4/3/2003,1.48,81.38,27.2,D
5/3/2003,1.7,78.56,27.8,D
6/3/2003,2.3,82,27.71,D
7/3/2003,2.72,83.31,27.75,D
8/3/2003,4.14,78.94,28.21,D
9/3/2003,4.38,80.5,27.46,D
10/3/2003,5.43,84.25,27.42,D
11/3/2003,6.55,84.62,27.62,D
12/3/2003,7.3,81.44,27.66,D
13/3/2003,7.22,79.44,27.73,D
14/3/2003,6.95,78.62,27.65,D
15/3/2003,5.35,74.44,27.77,D
16/3/2003,4.71,76.31,27.68,D
17/3/2003,3.91,84.44,27.06,D
18/3/2003,4.58,85.44,27.28,D
19/3/2003,3.98,85.94,27.06,D
20/3/2003,4.66,84.75,27.18,D
21/3/2003,4.37,82.94,27.22,D
22/3/2003,4.96,84.25,27.71,D
23/3/2003,3.98,85.5,27.19,D
24/3/2003,4.67,85.38,27.62,D
25/3/2003,4.99,86.81,27.65,D
26/3/2003,4.46,87.12,27.62,D
27/3/2003,3.9,88.69,26.69,D
28/3/2003,2.34,85.81,27.05,D
29/3/2003,2.23,85.5,26.9,D
30/3/2003,1.85,83.94,27.14,D
31/3/2003,3.05,82.38,27.98,D
1/4/2003,2.71,82.19,27.83,D
2/4/2003,1.12,79.5,27.85,D
3/4/2003,1.46,80.38,27.71,D
4/4/2003,1.28,77.5,27.86,D
5/4/2003,1.17,75.81,28.17,D
6/4/2003,2.21,77.44,28.49,D
7/4/2003,2.39,78.38,28.46,D
8/4/2003,3.67,81.62,28.48,D
9/4/2003,3.29,78.38,28.77,D
10/4/2003,3.3,82.94,28.12,D
11/4/2003,2.57,83.12,27.62,D
12/4/2003,1.59,83.38,27.04,D
13/4/2003,1.99,83.62,27.4,D
14/4/2003,2.29,82.81,27.76,D
15/4/2003,2.45,82.31,27.83,D
16/4/2003,3.6,85.75,27.47,D
17/4/2003,3.35,84.75,27.88,D
18/4/2003,2.61,83.94,27.86,D
19/4/2003,1.82,81.12,27.83,D
20/4/2003,1.59,80.44,27.99,D
21/4/2003,2.51,81.38,28.39,D
22/4/2003,2.86,78.81,28.18,D
23/4/2003,2.01,71.44,28.43,D
24/4/2003,0.85,64.31,28.64,D
25/4/2003,2.51,69.94,29.19,D
26/4/2003,3.16,76.94,29.28,D
27/4/2003,3.77,80.31,28.87,D
28/4/2003,3.08,80.12,28.62,D
29/4/2003,2.58,79.5,28.66,D
30/4/2003,2.67,80.62,28.66,D
1/5/2003,2.52,81,28.45,D
2/5/2003,3.86,85.19,28.08,D
3/5/2003,3.96,87.06,28.09,D
4/5/2003,3.25,87.06,28.23,D
5/5/2003,3.83,86.31,28.58,D
6/5/2003,3.16,84.06,28.71,D
7/5/2003,1.97,81.31,28.76,D
8/5/2003,2.62,81.5,28.77,D
9/5/2003,2.59,83.94,28.08,D
10/5/2003,1.65,81.31,27.71,D
11/5/2003,1.73,74.69,28.9,D
12/5/2003,2.86,81.69,28.47,D
13/5/2003,2.79,84.94,27.99,D
14/5/2003,2.66,84.88,27.57,D
15/5/2003,0.92,73.69,27.67,D
16/5/2003,3.75,74.75,29.61,D
17/5/2003,3.29,81.12,29.4,D
18/5/2003,2.68,79.69,29.29,D
19/5/2003,1.59,74.75,29.44,D
20/5/2003,2.45,76.31,29.56,D
21/5/2003,3.77,81,29.26,D
22/5/2003,5.14,81.31,29.43,D
23/5/2003,5.8,81.25,29.4,D
24/5/2003,6.29,76,29.87,D
25/5/2003,6.29,76.88,29.87,D
26/5/2003,6.01,80.12,29.46,D
27/5/2003,7.18,78.94,29.56,D
28/5/2003,6.98,74.25,29.94,D
29/5/2003,7.17,76.62,29.7,D
30/5/2003,6.83,78.94,29.47,D
31/5/2003,7.27,80.75,29.23,D
1/6/2003,6.57,80.31,29.25,D
2/6/2003,6.38,76.81,29.6,D
3/6/2003,4.93,73.81,29.48,D
4/6/2003,3.98,78.56,29,D
5/6/2003,4,80.69,28.79,D
6/6/2003,4.47,81.19,28.85,D
7/6/2003,4.45,78.81,28.98,D
8/6/2003,5.16,81.69,28.68,D
9/6/2003,4.65,79.5,28.83,D
10/6/2003,5.82,81.75,28.73,D
11/6/2003,5.84,81.81,28.62,D
12/6/2003,5.16,86.38,28.08,D
13/6/2003,5.09,81.75,28.6,D
14/6/2003,4.73,82.12,28.57,D
15/6/2003,5.72,83.44,28.42,D
16/6/2003,6.33,80.81,28.73,D
17/6/2003,6.11,80.31,28.73,D
18/6/2003,5.47,76.69,28.76,D
19/6/2003,3.48,75.62,28.76,D
20/6/2003,1.72,71.44,28.72,D
21/6/2003,3.81,75.38,28.87,D
22/6/2003,4.33,78.38,28.76,D
23/6/2003,1.49,76.56,28.31,D
24/6/2003,2.17,78.38,28.05,D
25/6/2003,3.96,82.81,27.76,D
26/6/2003,2.92,82.88,27.73,D
27/6/2003,1.71,81.38,27.18,D
28/6/2003,2.83,80.12,27.76,D
29/6/2003,2.42,81.56,27.51,D
30/6/2003,2.78,82.75,27.36,D
1/7/2003,2.34,83.12,27.35,D
2/7/2003,1.45,78.31,27.4,D
3/7/2003,1.05,74,27.73,D
4/7/2003,3.23,85.69,26.95,D
5/7/2003,4.72,82.5,27.74,D
6/7/2003,6.11,80.25,28.61,D
7/7/2003,5.15,79.5,28.66,D
8/7/2003,5.51,79.06,28.48,D
9/7/2003,4.54,81.25,28.43,D
10/7/2003,3.9,85.94,27.89,D
11/7/2003,3.98,85.94,27.62,D
12/7/2003,4.36,85.38,27.51,D
13/7/2003,2.31,79.12,27.48,D
14/7/2003,1.45,75.81,27.74,D
15/7/2003,1.97,79.75,27.99,D
16/7/2003,3.74,84.38,27.71,D
17/7/2003,6.7,85.62,27.59,D
18/7/2003,5.41,88.56,27.05,D
19/7/2003,6.33,86.81,27.8,D
20/7/2003,7.21,79.5,28.27,D
21/7/2003,7.73,79.31,28.26,D
22/7/2003,8.02,78,28.42,D
23/7/2003,7.34,78.25,28.39,D
24/7/2003,6.43,80.12,28.25,D
25/7/2003,3.88,80.62,27.83,D
26/7/2003,3.64,80.12,27.81,D
27/7/2003,3.9,85.44,27.9,D
28/7/2003,4.01,86.81,27.84,D
29/7/2003,4.88,83.75,28.23,D
30/7/2003,4.64,81.19,28.19,D
31/7/2003,4.23,80.25,27.91,D
1/8/2003,5.01,82.88,27.98,D
2/8/2003,5.89,84.06,28.06,D
3/8/2003,5.88,85.44,27.92,D
4/8/2003,5.94,86.25,27.95,D
5/8/2003,6.44,84.12,28.29,D
6/8/2003,6.38,82.19,28.33,D
7/8/2003,5.48,82.06,28.25,D
8/8/2003,4.73,82.94,28.23,D
9/8/2003,5.26,82.44,28.44,D
10/8/2003,4.77,82.69,28.51,D
11/8/2003,4.34,81.38,28.41,D
12/8/2003,4.26,80.25,28.24,D
13/8/2003,5.47,85.38,27.94,D
14/8/2003,4.84,84.25,27.69,D
15/8/2003,4.2,85.56,27.38,D
16/8/2003,5.79,86.12,27.71,D
17/8/2003,7.71,83.44,28.07,D
18/8/2003,5.34,83.31,27.94,D
19/8/2003,5.2,82.81,28.15,D
20/8/2003,4.55,81.75,28.35,D
21/8/2003,4.95,83.06,28.05,D
22/8/2003,5.17,81.69,28.13,D
23/8/2003,4.12,85.69,27.8,D
24/8/2003,5.19,86.5,27.69,D
25/8/2003,6.44,84.69,28.18,D
26/8/2003,4.32,80.88,28.3,D
27/8/2003,3.8,84.06,27.74,D
28/8/2003,3.66,85.44,26.94,D
29/8/2003,4.72,87.5,27.22,D
30/8/2003,5.98,83.38,28.09,D
31/8/2003,6.02,79.88,27.93,D
1/9/2003,5,80.5,28.12,D
2/9/2003,4.52,85.06,27.48,D
3/9/2003,4.54,82.81,27.71,D
4/9/2003,6.18,82.94,28.39,D
5/9/2003,3.93,84.38,27.91,D
6/9/2003,5.45,86.88,28.03,D
7/9/2003,4.86,83.75,28.38,D
8/9/2003,6.19,82.62,28.46,D
9/9/2003,7.5,81.12,28.26,D
10/9/2003,4.95,79.31,28.1,D
11/9/2003,4.36,80.75,28.05,D
12/9/2003,4.62,85.19,27.7,D
13/9/2003,4.97,85.25,28.03,D
14/9/2003,4.15,84.56,27.69,D
15/9/2003,3.5,83.81,27.18,D
16/9/2003,4.6,80.94,27.68,D
17/9/2003,3.52,81.81,27.84,D
18/9/2003,2.91,83.88,27.55,D
19/9/2003,4.29,86.5,27.51,D
20/9/2003,5.51,83.5,27.59,D
21/9/2003,5.61,83.44,28.05,D
22/9/2003,4.61,81.94,28.11,D
23/9/2003,4.38,83.44,28.01,D
24/9/2003,4.02,84.75,27.9,D
25/9/2003,4.23,88.12,27.05,D
26/9/2003,4.66,84.56,27.47,D
27/9/2003,4.52,80.75,28.47,D
28/9/2003,4.17,81.31,28.23,D
29/9/2003,4.49,81.69,28.29,D
30/9/2003,4.82,84,28.2,D
1/10/2003,5.27,79.06,28.76,D
2/10/2003,3.98,79.06,28.76,D
3/10/2003,3.55,82.44,28.32,D
4/10/2003,4.56,85.44,27.87,D
5/10/2003,2.87,83.69,27.42,D
6/10/2003,1.35,82.5,26.74,D
7/10/2003,1.88,80.06,27.55,D
8/10/2003,2.44,84.06,27.39,D
9/10/2003,3.59,82.5,27.6,D
10/10/2003,4.3,85.19,27.44,D
11/10/2003,3.69,84.75,27.15,D
12/10/2003,4.44,81.75,27.37,D
13/10/2003,5.16,85.06,27.31,D
14/10/2003,4.89,84.31,27.35,D
15/10/2003,4.79,84.62,27.57,D
16/10/2003,3.32,84,27.62,D
17/10/2003,2.31,84.31,27.05,D
18/10/2003,4.02,80.88,27.68,D
19/10/2003,5.34,84.75,28.03,D
20/10/2003,6.85,82.94,28.13,D
21/10/2003,7.13,82.12,28.34,D
22/10/2003,4.4,82.12,28.3,D
23/10/2003,4.87,83.06,28.3,D
24/10/2003,4.65,84.25,28.08,D
25/10/2003,3.31,84.12,26.87,D
26/10/2003,2.79,77.88,27.51,D
27/10/2003,4.15,81.62,27.76,D
28/10/2003,6.09,81.25,27.99,D
29/10/2003,2.98,81.44,27.7,D
30/10/2003,4.91,84.38,27.51,D
31/10/2003,4.32,85.38,27.05,D
1/11/2003,2.07,86.75,26.59,D
2/11/2003,2.41,84.56,27.19,D
3/11/2003,3.09,85.75,27.48,D
4/11/2003,2.62,83.12,27.52,D
5/11/2003,4.95,83.69,27.63,D
6/11/2003,3.9,86.69,26.75,D
7/11/2003,1.8,85.25,26.48,D
8/11/2003,3.3,86.25,27.05,D
9/11/2003,3.53,88,26.92,D
10/11/2003,3.24,87.56,27.2,D
11/11/2003,4.66,87.88,27.22,D
12/11/2003,4.1,89.12,27.08,D
13/11/2003,1.85,86.56,27.18,D
14/11/2003,2.59,84.12,27.7,D
15/11/2003,4.18,84.81,27.91,D
16/11/2003,4.91,82.5,28.1,D
17/11/2003,2.62,78.94,27.83,D
18/11/2003,2.45,78,27.95,D
19/11/2003,1.75,79.81,27.67,D
20/11/2003,1.7,78.38,27.83,D
21/11/2003,2.14,79.62,27.68,D
22/11/2003,3.12,78.62,27.94,D
23/11/2003,2.89,82.12,27.87,D
24/11/2003,3.54,84.62,27.94,D
25/11/2003,2.45,85.06,27.1,D
26/11/2003,6.06,87.56,27.19,D
27/11/2003,6.96,85.94,27.55,D
28/11/2003,9.26,87.81,26.99,D
29/11/2003,11.9,89.75,26.65,D
30/11/2003,7.3,88.69,26.76,D
1/12/2003,7.04,86.88,26.94,D
2/12/2003,7.41,83.06,27.19,D
3/12/2003,7.49,83.88,26.89,D
4/12/2003,8.16,82.56,26.98,D
5/12/2003,7,84.19,26.91,D
6/12/2003,7.72,87,26.78,D
7/12/2003,7.51,88.12,26.76,D
8/12/2003,7.16,89,26.57,D
9/12/2003,5.17,89.44,26.43,D
10/12/2003,4.43,89.56,26.43,D
11/12/2003,5.73,90.25,26.3,D
12/12/2003,6.76,87.06,26.92,D
13/12/2003,8.4,87.12,26.61,D
14/12/2003,7.79,86.81,26.53,D
15/12/2003,7.8,84,26.73,D
16/12/2003,6.27,84.81,26.61,D
17/12/2003,5.54,85,26.43,D
18/12/2003,6.38,83.38,26.94,D
19/12/2003,8.1,83.94,26.89,D
20/12/2003,10.3,82.88,26.99,D
21/12/2003,9.99,81.88,26.77,D
22/12/2003,9.2,83.12,26.91,D
23/12/2003,8.34,83.19,26.71,D
24/12/2003,6.51,83.25,26.74,D
25/12/2003,6.52,84.12,26.48,D
26/12/2003,7.62,83.38,26.26,D
27/12/2003,8.93,81.94,26.4,D
28/12/2003,8.99,81.75,26.43,D
29/12/2003,7.88,86.44,26.33,D
30/12/2003,8.7,85.62,26.51,D
31/12/2003,7.77,85.88,26.53,D
1/1/2004,7.51,85.12,26.27,E
2/1/2004,7.04,86.69,26.37,E
3/1/2004,7.58,88.81,26.25,E
4/1/2004,6.95,89.06,26.21,E
5/1/2004,7.01,89.12,26.11,E
6/1/2004,7.55,86.19,26.25,E
7/1/2004,7.38,86.81,26.21,E
8/1/2004,7.34,88.12,26.26,E
9/1/2004,6.26,89.56,26.22,E
10/1/2004,6.85,88.81,26.3,E
11/1/2004,7.24,86.25,26.5,E
12/1/2004,6.48,85.12,26.48,E
13/1/2004,7.1,82.88,26.45,E
14/1/2004,6.56,85.12,26.3,E
15/1/2004,6.73,87.25,26.33,E
16/1/2004,5.9,88.62,26.25,E
17/1/2004,5.52,82.75,26.59,E
18/1/2004,5.2,86.75,26.26,E
19/1/2004,5.27,85.75,26.25,E
20/1/2004,5.28,83.06,26.51,E
21/1/2004,5.82,87.62,26.08,E
22/1/2004,8.34,80.81,26.77,E
23/1/2004,9,83.12,26.72,E
24/1/2004,9.2,83.94,26.69,E
25/1/2004,9.66,83.25,26.68,E
26/1/2004,9.3,84.12,26.67,E
27/1/2004,8.08,86.88,26.44,E
28/1/2004,7.38,90.81,26,E
29/1/2004,6.45,89.88,26.05,E
30/1/2004,5.7,92.38,25.85,E
31/1/2004,5.26,91.38,25.96,E
1/2/2004,4.8,90,26.16,E
2/2/2004,4.31,91,25.84,E
3/2/2004,2.91,89.44,25.91,E
4/2/2004,3.53,90.56,25.95,E
5/2/2004,4.68,84.69,26.62,E
6/2/2004,5.33,84,26.6,E
7/2/2004,7.15,84.44,26.33,E
8/2/2004,5.84,84.5,26.26,E
9/2/2004,6.4,86.31,26.24,E
10/2/2004,8.05,83.94,26.63,E
11/2/2004,7.86,83.88,26.62,E
12/2/2004,7.85,84.5,26.55,E
13/2/2004,8.69,83.88,26.34,E
14/2/2004,7.84,82.94,26.15,E
15/2/2004,7.61,82.12,26.13,E
16/2/2004,6.84,80.38,26.12,E
17/2/2004,6.38,81.88,26.18,E
18/2/2004,6.38,85.44,25.79,E
19/2/2004,6.06,78.94,26.36,E
20/2/2004,6.16,77.25,26.52,E
21/2/2004,5.38,80.56,26.14,E
22/2/2004,4.86,79.12,26.09,E
23/2/2004,5.32,80.5,26.01,E
24/2/2004,4.48,77.62,26.51,E
25/2/2004,4.2,78.81,26.36,E
26/2/2004,5.23,82.62,26.15,E
27/2/2004,5.77,81.31,26.43,E
28/2/2004,4.68,85.5,26.4,E
29/2/2004,5.26,84.5,26.53,E
1/3/2004,2.66,80.94,26.79,E
2/3/2004,3.26,82.62,26.95,E
3/3/2004,2.11,84.62,26.63,E
4/3/2004,3.92,87.12,26.74,E
5/3/2004,5.37,86.38,26.88,E
6/3/2004,7.18,84.12,26.87,E
7/3/2004,8.88,81.88,27.03,E
8/3/2004,10.71,86.75,27.01,E
9/3/2004,9.97,85.25,26.98,E
10/3/2004,6.91,88.12,26.57,E
11/3/2004,4.82,91.44,26.12,E
12/3/2004,2.67,85.5,26.22,E
13/3/2004,3.88,88.62,26.42,E
14/3/2004,4.48,87.62,26.72,E
15/3/2004,4.45,89.44,26.37,E
16/3/2004,5.84,87.06,26.46,E
17/3/2004,4.62,83.12,27.1,E
18/3/2004,3.16,83.81,27.08,E
19/3/2004,3.77,85.25,26.82,E
20/3/2004,4.39,81.19,26.9,E
21/3/2004,4.02,82.38,27.01,E
22/3/2004,4.39,80.56,27.06,E
23/3/2004,3.35,81.19,26.73,E
24/3/2004,2.14,82.38,26.73,E
25/3/2004,2.22,80.5,27.36,E
26/3/2004,2.34,82.12,27.58,E
27/3/2004,1.82,80.69,27.92,E
28/3/2004,3.23,83.25,27.83,E
29/3/2004,2.6,82.81,27.52,E
30/3/2004,2.33,78.69,27.81,E
31/3/2004,3.22,82.19,27.87,E
1/4/2004,2.97,83.44,27.92,E
2/4/2004,1.86,83.94,27.55,E
3/4/2004,1.66,81,27.58,E
4/4/2004,1.94,83.31,27.29,E
5/4/2004,1.81,83.88,26.83,E
6/4/2004,3.3,83.12,27.58,E
7/4/2004,2.08,77.5,27.8,E
8/4/2004,1.39,74.12,28.26,E
9/4/2004,2.06,75.12,28.55,E
10/4/2004,2.88,77,28.59,E
11/4/2004,1.37,71.31,28.41,E
12/4/2004,1.84,69,28.65,E
13/4/2004,2.14,73.25,29.12,E
14/4/2004,2.89,79.31,29.01,E
15/4/2004,2.47,80.75,28.54,E
16/4/2004,2.91,81.06,28.54,E
17/4/2004,2.66,77.94,28.89,E
18/4/2004,2.35,75.69,29.22,E
19/4/2004,1.8,74.81,28.86,E
20/4/2004,2.88,75.81,29,E
21/4/2004,3.22,75.44,29.3,E
22/4/2004,2.27,74.38,29.15,E
23/4/2004,1.69,78.5,28.3,E
24/4/2004,2.26,81.31,27.61,E
25/4/2004,2.22,78.81,28.2,E
26/4/2004,2.34,80.69,28.69,E
27/4/2004,2.48,81.94,28.49,E
28/4/2004,2.08,82.25,28.35,E
29/4/2004,3.29,84.56,28.23,E
30/4/2004,1.28,82.38,27.92,E
1/5/2004,2.37,80.94,28.62,E
2/5/2004,1.31,81.94,28.51,E
3/5/2004,1.49,82.94,28.29,E
4/5/2004,1.3,79.88,28.73,E
5/5/2004,1.73,81.75,28.46,E
6/5/2004,3.16,82.19,28.73,E
7/5/2004,4.06,83.12,28.55,E
8/5/2004,3.71,76,29.66,E
9/5/2004,4.66,77.88,29.95,E
10/5/2004,3.92,80.62,29.71,E
11/5/2004,2.88,80.81,29.37,E
12/5/2004,2.09,80.94,28.9,E
13/5/2004,2.06,81.81,28.73,E
14/5/2004,2.05,82.06,28.73,E
15/5/2004,1.51,79.25,28.93,E
16/5/2004,2.25,81.56,28.89,E
17/5/2004,2.1,81.31,28.9,E
18/5/2004,2.44,81.5,28.78,E
19/5/2004,5.09,82.12,29.55,E
20/5/2004,5.46,82.62,29.67,E
21/5/2004,4.47,81.44,29.63,E
22/5/2004,2.72,84.5,28.68,E
23/5/2004,2.64,85.44,28.38,E
24/5/2004,4.55,84.75,28.23,E
25/5/2004,2.3,80.94,27.67,E
26/5/2004,1.44,78.81,27.68,E
27/5/2004,1.76,77.94,27.43,E
28/5/2004,1.69,75.19,27.93,E
29/5/2004,0.98,72.38,28.55,E
30/5/2004,1.78,74.12,28.5,E
31/5/2004,2.47,74.88,28.6,E
1/6/2004,2.1,77.19,28.3,E
2/6/2004,3.49,78.94,28.32,E
3/6/2004,1.9,77.19,28.34,E
4/6/2004,2.7,79.19,28.49,E
5/6/2004,4.37,81.88,28.63,E
6/6/2004,5.41,82.25,28.94,E
7/6/2004,4.12,83,28.27,E
8/6/2004,3.87,84.75,28.12,E
9/6/2004,3.72,85.38,27.91,E
10/6/2004,4.55,84.56,28.32,E
11/6/2004,3.48,84.56,28.47,E
12/6/2004,4.48,84.44,28.8,E
13/6/2004,6.34,83.12,29.14,E
14/6/2004,5.48,81.06,29.2,E
15/6/2004,6.77,79.31,29.51,E
16/6/2004,7.3,78.88,29.53,E
17/6/2004,6.63,79.06,29.4,E
18/6/2004,4.18,76.44,29.27,E
19/6/2004,5.31,80.69,29.13,E
20/6/2004,5.48,79.62,29.37,E
21/6/2004,5.63,81.31,29.12,E
22/6/2004,3.91,79.81,28.65,E
23/6/2004,6.15,84.25,28.23,E
24/6/2004,5.5,83.06,28.69,E
25/6/2004,5.33,80.94,28.73,E
26/6/2004,5.79,80.94,28.77,E
27/6/2004,5.39,77.44,28.76,E
28/6/2004,6.14,79.62,28.81,E
29/6/2004,4.47,82.5,28.51,E
30/6/2004,6.49,84.69,28.46,E
1/7/2004,5.7,85.31,28.12,E
2/7/2004,5.95,80.88,28.4,E
3/7/2004,3.66,81.88,28.26,E
4/7/2004,4.37,84.12,27.87,E
5/7/2004,3.71,84.12,27.33,E
6/7/2004,3.14,82.69,27.36,E
7/7/2004,3.52,82.62,27.52,E
8/7/2004,4.47,86.56,26.87,E
9/7/2004,2.02,82.5,26.62,E
10/7/2004,3.19,80.81,27.11,E
11/7/2004,2.3,82,26.91,E
12/7/2004,1.95,79.25,27.34,E
13/7/2004,1.89,77.06,27.81,E
14/7/2004,2.13,79.81,27.44,E
15/7/2004,3.64,84.62,27.08,E
16/7/2004,4.03,84.31,27.38,E
17/7/2004,4.41,84.56,27.19,E
18/7/2004,4.59,81.06,27.83,E
19/7/2004,6.92,82.75,28.31,E
20/7/2004,6.87,81.62,28.6,E
21/7/2004,7.59,82.12,28.27,E
22/7/2004,6.72,81.12,28.4,E
23/7/2004,6.12,82,28.27,E
24/7/2004,5.59,83.69,27.51,E
25/7/2004,6.71,84.44,27.35,E
26/7/2004,5.95,83.31,27.8,E
27/7/2004,4.77,81.5,27.15,E
28/7/2004,5.05,82.12,27.63,E
29/7/2004,4.39,83.38,27.43,E
30/7/2004,3.89,82.62,27.16,E
31/7/2004,5.01,85.06,26.95,E
1/8/2004,6.23,85.75,27.37,E
2/8/2004,5.96,86.94,26.87,E
3/8/2004,6.91,80.25,28.11,E
4/8/2004,6.77,78.69,28.16,E
5/8/2004,7.16,80.94,27.85,E
6/8/2004,7.33,80,27.96,E
7/8/2004,7.41,77.62,28.08,E
8/8/2004,6.56,76.38,27.84,E
9/8/2004,6.67,77.88,27.83,E
10/8/2004,6.59,78.5,27.83,E
11/8/2004,7.12,77.94,28.09,E
12/8/2004,5.4,77.06,27.93,E
13/8/2004,6.2,81.88,27.66,E
14/8/2004,6.3,83.56,27.58,E
15/8/2004,5.67,83.38,27.57,E
16/8/2004,6.26,85.31,27.45,E
17/8/2004,7.2,83.38,27.96,E
18/8/2004,6.57,83.81,28.01,E
19/8/2004,6.7,83.31,27.98,E
20/8/2004,5.95,82.06,28.06,E
21/8/2004,5.38,81.75,28.19,E
22/8/2004,5.61,83.44,28.29,E
23/8/2004,4.72,84,28.12,E
24/8/2004,5.3,83.88,27.94,E
25/8/2004,7.12,81.56,28.34,E
26/8/2004,6.3,81.75,28.17,E
27/8/2004,7,82.94,28.47,E
28/8/2004,7.15,79.12,28.51,E
29/8/2004,7.24,80.19,28.44,E
30/8/2004,6.45,79.12,28.46,E
31/8/2004,5.86,78.56,28.55,E
1/9/2004,6.02,81.06,28.58,E
2/9/2004,6.16,81.69,28.45,E
3/9/2004,4.83,82.56,28.27,E
4/9/2004,3.98,82.69,27.94,E
5/9/2004,5.37,80.25,27.94,E
6/9/2004,4.74,82.19,27.43,E
7/9/2004,3.3,77.88,27.63,E
8/9/2004,4.36,83.38,27.5,E
9/9/2004,4.45,79.75,27.93,E
10/9/2004,4.08,83.38,27.63,E
11/9/2004,3.45,83.06,27.3,E
12/9/2004,4.6,83.44,27.62,E
13/9/2004,6.1,81.44,28.02,E
14/9/2004,3.56,82.56,27.63,E
15/9/2004,3.32,85.12,27.04,E
16/9/2004,4.47,85.19,27.01,E
17/9/2004,3.66,82.62,27.44,E
18/9/2004,3.62,84.38,27.49,E
19/9/2004,3.6,83.31,27.69,E
20/9/2004,2.27,83.44,27.15,E
21/9/2004,1.95,83.5,26.76,E
22/9/2004,1.4,82.25,26.84,E
23/9/2004,1.98,79.75,27.48,E
24/9/2004,2.16,76.31,28.03,E
25/9/2004,1.57,78.62,27.75,E
26/9/2004,2.63,84.12,27.28,E
27/9/2004,3.31,83.25,27.73,E
28/9/2004,3.17,85.75,27.49,E
29/9/2004,2.44,84.94,27.32,E
30/9/2004,4.63,86.12,27.19,E
1/10/2004,1.6,79.5,26.88,E
2/10/2004,2.45,80.5,27.53,E
3/10/2004,2.41,77.81,27.67,E
4/10/2004,4.39,76.06,28.52,E
5/10/2004,5.55,79.69,28.51,E
6/10/2004,6.05,80.38,28.65,E
7/10/2004,6,79.25,28.64,E
8/10/2004,2.29,76.94,27.53,E
9/10/2004,2.27,78.06,27.78,E
10/10/2004,3.09,81.56,27.65,E
11/10/2004,3.36,84,27.6,E
12/10/2004,2.12,83.25,27.33,E
13/10/2004,2.84,85.06,27.1,E
14/10/2004,2.98,83.75,27.26,E
15/10/2004,3.58,82.25,27.43,E
16/10/2004,3.44,80.5,28.11,E
17/10/2004,3.55,79.25,28.18,E
18/10/2004,2.67,78.62,27.83,E
19/10/2004,1.52,80.19,26.91,E
20/10/2004,3.63,83.44,27.46,E
21/10/2004,4.31,84.88,27.55,E
22/10/2004,4.25,86.06,27.08,E
23/10/2004,3.08,89.56,26.55,E
24/10/2004,3.54,85.5,27.02,E
25/10/2004,5.38,88.25,27.38,E
26/10/2004,7.26,84.12,28.28,E
27/10/2004,7.09,83.62,28.33,E
28/10/2004,5.55,84,28.1,E
29/10/2004,3.81,85.88,27.77,E
30/10/2004,3.19,88.06,27.42,E
31/10/2004,3.19,84.69,27.17,E
1/11/2004,3.45,84.81,27.26,E
2/11/2004,3.21,84.94,27.31,E
3/11/2004,4.33,87.25,27.43,E
4/11/2004,4.06,88.19,27.49,E
5/11/2004,3.69,86.94,27.34,E
6/11/2004,3.99,87.75,27,E
7/11/2004,4,85.88,27.39,E
8/11/2004,2.85,84.19,27.35,E
9/11/2004,1.62,86.12,26.75,E
10/11/2004,2.96,84.38,27.33,E
11/11/2004,2.67,84.06,27.58,E
12/11/2004,3.25,85.56,27.7,E
13/11/2004,3.42,84.44,27.94,E
14/11/2004,2.12,85.19,27.56,E
15/11/2004,3.27,85.38,27.76,E
16/11/2004,4.2,85.31,27.63,E
17/11/2004,6.27,76.69,28.18,E
18/11/2004,6.74,78.88,28.03,E
19/11/2004,8.48,81,28.02,E
20/11/2004,8.06,77,27.84,E
21/11/2004,7.27,79.31,27.58,E
22/11/2004,6.41,82.19,27.19,E
23/11/2004,6.45,84.19,27.23,E
24/11/2004,4.83,82.38,27.51,E
25/11/2004,4.55,84.88,27.28,E
26/11/2004,4.81,85.75,27.22,E
27/11/2004,5.76,84.75,27.35,E
28/11/2004,5.02,87.12,27.26,E
29/11/2004,6.28,87.56,26.99,E
30/11/2004,7.8,84.31,27.46,E
1/12/2004,7.26,81.81,27.51,E
2/12/2004,6.47,83.5,27.4,E
3/12/2004,5.55,85.62,27.44,E
4/12/2004,5.69,88.94,26.76,E
5/12/2004,7.66,88.44,27.08,E
6/12/2004,8.59,85.81,27.44,E
7/12/2004,8.71,86,27.4,E
8/12/2004,7.96,85.94,27.21,E
9/12/2004,8.48,86.56,27.16,E
10/12/2004,8.46,86.56,27.23,E
11/12/2004,7.99,86.69,27.03,E
12/12/2004,8.49,86.38,26.83,E
13/12/2004,9.63,83.94,26.9,E
14/12/2004,7.66,81.69,26.84,E
15/12/2004,7.74,83.75,26.91,E
16/12/2004,7.16,84.56,27.05,E
17/12/2004,7.91,86.75,26.87,E
18/12/2004,7.16,86,26.55,E
19/12/2004,6.27,83.12,26.55,E
20/12/2004,6.89,80.06,26.54,E
21/12/2004,6.77,82.88,26.3,E
22/12/2004,6.65,82.75,26.29,E
23/12/2004,5.62,83.06,26.24,E
24/12/2004,6.95,84.94,26.36,E
25/12/2004,8.28,85.81,26.54,E
26/12/2004,7.79,81.38,26.73,E
27/12/2004,7.74,86.25,26.33,E
28/12/2004,8.6,85.94,26.74,E
29/12/2004,9.02,85.94,26.88,E
30/12/2004,8.43,86.62,26.81,E
31/12/2004,10.1,85.81,26.91,E
1/1/2005,10.66,83.75,26.75,F
2/1/2005,10.4,82.31,26.55,F
3/1/2005,8.88,83.56,26.69,F
4/1/2005,8.39,84.75,26.74,F
5/1/2005,8.82,82.19,26.75,F
6/1/2005,7.72,83.38,26.24,F
7/1/2005,8.18,89.5,25.91,F
8/1/2005,8.77,87.44,26.15,F
9/1/2005,8.79,85.81,26.26,F
10/1/2005,7.37,86.94,25.98,F
11/1/2005,7.45,86.81,26.15,F
12/1/2005,7.74,87.88,26.02,F
13/1/2005,7.27,86.56,26.02,F
14/1/2005,7.41,82.44,26.36,F
15/1/2005,8.05,77.75,26.42,F
16/1/2005,8.27,80.56,26.14,F
17/1/2005,8.27,79.94,25.94,F
18/1/2005,7.8,78.88,25.87,F
19/1/2005,6.94,79.94,25.8,F
20/1/2005,6.56,77.44,26,F
21/1/2005,5.8,84,25.94,F
22/1/2005,6.87,82.5,26.15,F
23/1/2005,7.23,79.81,26.15,F
24/1/2005,6.09,77.06,25.99,F
25/1/2005,5.24,75.06,25.93,F
26/1/2005,3.4,76.62,25.62,F
27/1/2005,3.81,81.75,25.2,F
28/1/2005,4.73,81,25.81,F
29/1/2005,4.69,84.12,26.05,F
30/1/2005,4.72,83.69,25.77,F
31/1/2005,5.15,82.12,25.94,F
1/2/2005,4.73,78.06,26.48,F
2/2/2005,4.5,81.62,26.7,F
3/2/2005,5.55,82.31,27.01,F
4/2/2005,5.74,82.06,27.04,F
5/2/2005,5.51,78.31,26.86,F
6/2/2005,4.72,75.19,26.87,F
7/2/2005,5.88,78.06,27.24,F
8/2/2005,5.44,78.44,27.14,F
9/2/2005,4.74,84.81,26.61,F
10/2/2005,6.44,85.88,27,F
11/2/2005,7.42,81.38,27.22,F
12/2/2005,7,83.88,26.77,F
13/2/2005,5.48,84.88,26.55,F
14/2/2005,5.36,82.88,27.1,F
15/2/2005,4.85,82.31,27.46,F
16/2/2005,4.15,82.81,27.42,F
17/2/2005,3.91,84.19,27.05,F
18/2/2005,3.85,83.75,26.86,F
19/2/2005,4.56,81.69,26.76,F
20/2/2005,6.42,78.12,27.88,F
21/2/2005,7.58,75.06,27.6,F
22/2/2005,6.55,78.12,27.44,F
23/2/2005,5.62,82.19,27.33,F
24/2/2005,4.15,81.44,27.62,F
25/2/2005,3.8,80.5,27.98,F
26/2/2005,3.66,84,27.96,F
27/2/2005,3.47,83.38,27.67,F
28/2/2005,4.3,78.75,28.11,F
1/3/2005,5.72,82.38,27.88,F
2/3/2005,6.02,82.12,27.5,F
3/3/2005,6.31,83.31,27.19,F
4/3/2005,7.43,77.19,27.6,F
5/3/2005,9.71,77.5,27.65,F
6/3/2005,10.39,80.19,27.04,F
7/3/2005,8.92,78.25,26.68,F
8/3/2005,6.86,78.38,26.69,F
9/3/2005,5.87,83.25,26.58,F
10/3/2005,4.68,82.62,26.87,F
11/3/2005,3.76,80.62,26.98,F
12/3/2005,3.04,81.12,26.92,F
13/3/2005,3.87,82.38,27.19,F
14/3/2005,5.79,86.44,27.14,F
15/3/2005,6.66,83.5,27.16,F
16/3/2005,6.48,83.75,27.05,F
17/3/2005,6.28,84.31,27.04,F
18/3/2005,7.41,81.81,27.05,F
19/3/2005,6.57,80.5,26.97,F
20/3/2005,3.62,82.81,27.03,F
21/3/2005,4.91,84.56,27.14,F
22/3/2005,4.19,80.5,27.69,F
23/3/2005,3.38,81.81,27.48,F
24/3/2005,3.31,81.88,27.61,F
25/3/2005,4.26,83.12,27.88,F
26/3/2005,5.6,84.94,27.92,F
27/3/2005,4.33,87.88,27.24,F
28/3/2005,2.09,86,27.1,F
29/3/2005,2.2,85.44,27.37,F
30/3/2005,1.85,83.81,27.47,F
31/3/2005,2.17,85.12,27.15,F
1/4/2005,1.32,82.38,27.62,F
2/4/2005,3.24,85.75,27.69,F
3/4/2005,5.01,88.56,27.65,F
4/4/2005,5.82,85.94,27.92,F
5/4/2005,5.86,85.94,27.48,F
6/4/2005,4.14,85,27.08,F
7/4/2005,2,82.94,27.16,F
8/4/2005,1.79,84.69,27.15,F
9/4/2005,2.07,84.5,27.23,F
10/4/2005,1.77,79.12,27.68,F
11/4/2005,1.99,79.75,27.85,F
12/4/2005,2.27,80.75,27.87,F
13/4/2005,2.85,81.81,27.73,F
14/4/2005,3.48,82.94,27.74,F
15/4/2005,3.53,80.88,28.08,F
16/4/2005,4.05,78.88,28.29,F
17/4/2005,3.94,80.5,27.94,F
18/4/2005,4.42,78.75,28,F
19/4/2005,4.12,76.94,28.33,F
20/4/2005,3.94,80.69,28.01,F
21/4/2005,3.38,78.38,28.2,F
22/4/2005,2.88,77.88,28.52,F
23/4/2005,2.42,76.44,28.58,F
24/4/2005,2.72,78.5,28.51,F
25/4/2005,2.02,79.94,28.24,F
26/4/2005,1.73,79.44,28.4,F
27/4/2005,2.69,81.12,28.32,F
28/4/2005,2.69,77.56,28.73,F
29/4/2005,2.78,72.25,29.34,F
30/4/2005,2.61,72.94,29.37,F
1/5/2005,2.36,74.38,29.19,F
2/5/2005,1.78,74.56,29.01,F
3/5/2005,2.36,78.44,28.8,F
4/5/2005,1.89,79.88,28.62,F
5/5/2005,2,77.62,28.74,F
6/5/2005,3.26,83,28.53,F
7/5/2005,5.27,86.94,28.51,F
8/5/2005,5.31,87.38,28.4,F
9/5/2005,5.08,85.44,28.78,F
10/5/2005,4.34,83.69,28.66,F
11/5/2005,4.53,81,28.83,F
12/5/2005,5.7,83.75,28.79,F
13/5/2005,4.35,81.25,28.96,F
14/5/2005,3.2,82.56,28.83,F
15/5/2005,5.64,86.38,28.68,F
16/5/2005,5.62,87.31,28.25,F
17/5/2005,4.85,86.62,28.45,F
18/5/2005,5.92,85.31,28.45,F
19/5/2005,5.66,86.06,28.37,F
20/5/2005,3.97,83.69,28.35,F
21/5/2005,4,81.69,28.63,F
22/5/2005,4.07,82.06,28.56,F
23/5/2005,3.45,82,28.65,F
24/5/2005,2.38,80.88,28.37,F
25/5/2005,3.86,84.38,27.68,F
26/5/2005,3.12,83.5,27.7,F
27/5/2005,2.13,80.56,27.85,F
28/5/2005,3.21,78.56,28.69,F
29/5/2005,4.82,81.88,28.68,F
30/5/2005,4.23,83.44,28.4,F
31/5/2005,4.77,84.38,28.54,F
1/6/2005,4.53,83.44,28.7,F
2/6/2005,4.8,82.19,29,F
3/6/2005,4.43,82.25,29.2,F
4/6/2005,4.43,83.06,29.03,F
5/6/2005,3.67,84.31,28.55,F
6/6/2005,2.02,84.25,27.96,F
7/6/2005,4.66,85.5,28.71,F
8/6/2005,5.38,85.5,28.75,F
9/6/2005,5.3,82.25,29.25,F
10/6/2005,4.32,78.69,29.62,F
11/6/2005,1.93,76.56,29.33,F
12/6/2005,3.84,81.12,28.99,F
13/6/2005,5.29,80.69,28.76,F
14/6/2005,3.22,82.69,28.31,F
15/6/2005,2.75,82.88,28.03,F
16/6/2005,3.48,80.12,28.44,F
17/6/2005,2.74,80.31,28.66,F
18/6/2005,2.05,81.19,28.38,F
19/6/2005,2.27,82.31,28.66,F
20/6/2005,3.2,82.81,28.4,F
21/6/2005,3.75,81.31,28.12,F
22/6/2005,3.09,77.25,27.94,F
23/6/2005,4.27,80.25,28.8,F
24/6/2005,6.03,83.38,28.89,F
25/6/2005,5.95,85.44,28.58,F
26/6/2005,3.95,81.62,28.55,F
27/6/2005,4.16,83.38,28.37,F
28/6/2005,5.17,83.56,27.83,F
29/6/2005,4.44,83.81,27.83,F
30/6/2005,4.87,81.62,27.7,F
1/7/2005,4.8,81.06,28.59,F
2/7/2005,4.72,85.5,27.82,F
3/7/2005,4.51,81.25,27.93,F
4/7/2005,4.82,83.69,28.15,F
5/7/2005,5.06,81.44,28.62,F
6/7/2005,3.58,80.38,28.78,F
7/7/2005,3.84,80,28.87,F
8/7/2005,3.91,83.69,28.37,F
9/7/2005,2.32,82.62,28.29,F
10/7/2005,1.75,81,28.05,F
11/7/2005,3.08,81.5,28.28,F
12/7/2005,3.66,84.5,28,F
13/7/2005,3.31,83.38,27.94,F
14/7/2005,1.8,82.19,27.83,F
15/7/2005,1.74,82.31,27.7,F
16/7/2005,3.39,85.25,27.26,F
17/7/2005,3.99,83.88,27.46,F
18/7/2005,5.11,84.12,27.88,F
19/7/2005,5.6,87.88,27.39,F
20/7/2005,6.07,81.25,28.32,F
21/7/2005,6.14,82,28.15,F
22/7/2005,5.16,82.12,28.39,F
23/7/2005,5.46,83.94,28.26,F
24/7/2005,4.27,85.25,27.94,F
25/7/2005,5.45,85.69,28.09,F
26/7/2005,6.84,85.75,27.55,F
27/7/2005,4.61,79.5,28.18,F
28/7/2005,5.2,85.31,28.2,F
29/7/2005,5.54,86.56,28.23,F
30/7/2005,6.01,84.94,28.43,F
31/7/2005,5.52,83.56,28.34,F
1/8/2005,3.79,83.62,28.44,F
2/8/2005,3.42,86.19,28.03,F
3/8/2005,4.93,85,28.02,F
4/8/2005,5.66,83.06,28.42,F
5/8/2005,4.77,82.31,28.5,F
6/8/2005,6.41,83.62,28.73,F
7/8/2005,6.93,81.94,28.9,F
8/8/2005,6.29,83.88,28.72,F
9/8/2005,6.17,82.88,28.73,F
10/8/2005,5.88,85.25,28.3,F
11/8/2005,7.29,85.88,28.4,F
12/8/2005,7.84,86.88,27.99,F
13/8/2005,6.87,84.25,28.18,F
14/8/2005,5.41,82.69,28.23,F
15/8/2005,4.24,83.62,28.15,F
16/8/2005,3.15,83.5,28.17,F
17/8/2005,2.36,81.5,28.01,F
18/8/2005,4.9,86.25,27.47,F
19/8/2005,4.96,83.62,27.7,F
20/8/2005,3.81,84.81,27.12,F
21/8/2005,4.52,86.38,27.14,F
22/8/2005,5.02,84.88,27.55,F
23/8/2005,2.61,82.75,27.28,F
24/8/2005,2.52,82.81,27.4,F
25/8/2005,3.37,83.19,27.73,F
26/8/2005,4.88,85.38,27.98,F
27/8/2005,5.84,82.12,27.98,F
28/8/2005,6.37,80.5,28.33,F
29/8/2005,6.53,83.06,28.55,F
30/8/2005,6.62,79.75,28.79,F
31/8/2005,6.74,80.81,28.92,F
1/9/2005,5.74,80.81,28.95,F
2/9/2005,6.66,82.81,28.93,F
3/9/2005,5.84,86.31,28.4,F
4/9/2005,6.22,84.81,28.54,F
5/9/2005,5.97,81.31,28.76,F
6/9/2005,5.94,79.56,28.82,F
7/9/2005,5.6,83.75,28.16,F
8/9/2005,4.57,82.81,27.76,F
9/9/2005,4.34,81.56,28.05,F
10/9/2005,4.66,83.62,28.21,F
11/9/2005,3.78,85,27.99,F
12/9/2005,2.64,84.44,27.52,F
13/9/2005,4.01,85.69,27.48,F
14/9/2005,4.93,81.44,28.54,F
15/9/2005,2.09,85,27.71,F
16/9/2005,2.24,85,27.52,F
17/9/2005,6.68,83.94,28.47,F
18/9/2005,6.56,83,28.69,F
19/9/2005,6.75,79.31,28.64,F
20/9/2005,1.73,80.56,27.74,F
21/9/2005,2.35,80.81,27.58,F
22/9/2005,4.94,83.69,28.14,F
23/9/2005,3.9,79.56,28.55,F
24/9/2005,3.72,80.5,28.45,F
25/9/2005,5.79,81.75,28.55,F
26/9/2005,6.83,82.31,28.12,F
27/9/2005,6.12,78.25,28.57,F
28/9/2005,3.59,79.5,28.57,F
29/9/2005,2.06,77.38,28.45,F
30/9/2005,0.79,76,28.25,F
1/10/2005,2.2,78.62,28.25,F
2/10/2005,2.7,80.38,28.17,F
3/10/2005,4.22,81.38,28.44,F
4/10/2005,5.34,82.75,28.14,F
5/10/2005,3.55,82.38,27.37,F
6/10/2005,2.24,78.31,27.66,F
7/10/2005,4.59,81,28.47,F
8/10/2005,4.77,83.5,28.13,F
9/10/2005,3.17,84.38,27.74,F
10/10/2005,3.09,82.69,28.2,F
11/10/2005,4.09,83.31,28.33,F
12/10/2005,2.59,81,28.29,F
13/10/2005,1.33,78.56,27.98,F
14/10/2005,1.49,81.38,27.41,F
15/10/2005,1.56,80.88,27.58,F
16/10/2005,2.42,83.62,26.88,F
17/10/2005,2.27,79.69,27.12,F
18/10/2005,2.98,80.06,27.62,F
19/10/2005,3.88,87.12,26.76,F
20/10/2005,3.62,86.06,26.9,F
21/10/2005,2.62,84.75,27.26,F
22/10/2005,1.24,82.56,27.3,F
23/10/2005,1.95,82.56,27.47,F
24/10/2005,2.42,82.06,27.92,F
25/10/2005,3.94,82.31,28.22,F
26/10/2005,5.7,86.25,27.94,F
27/10/2005,2.53,86.81,27.62,F
28/10/2005,2.89,84.56,27.16,F
29/10/2005,1.79,83.81,27.44,F
30/10/2005,3.01,83.81,27.95,F
31/10/2005,2.9,83.19,27.98,F
1/11/2005,2.42,80,27.67,F
2/11/2005,1.91,82,27.61,F
3/11/2005,2.82,81.12,27.8,F
4/11/2005,2.85,84.5,27.19,F
5/11/2005,2.88,81.44,27.6,F
6/11/2005,3.88,83.69,27.85,F
7/11/2005,3.48,82.69,28.26,F
8/11/2005,2.52,85.12,27.59,F
9/11/2005,2.85,84.81,27.51,F
10/11/2005,2.66,84.12,27.58,F
11/11/2005,2.89,83.12,27.71,F
12/11/2005,2.56,83.12,27.8,F
13/11/2005,2.37,80.25,28.28,F
14/11/2005,1.78,79.5,28.4,F
15/11/2005,2.16,80.44,28.16,F
16/11/2005,1.86,81.62,27.81,F
17/11/2005,2.45,83.12,27.53,F
18/11/2005,2.27,81.38,27.8,F
19/11/2005,3.38,81.44,27.69,F
20/11/2005,6.96,80.44,28.3,F
21/11/2005,9.32,83.81,28.26,F
22/11/2005,9.06,86.62,27.84,F
23/11/2005,6.53,89.06,27.38,F
24/11/2005,3.98,85.25,27.4,F
25/11/2005,2.35,83.94,27.07,F
26/11/2005,4.02,84.81,27.5,F
27/11/2005,4.84,86.12,27.23,F
28/11/2005,4.63,88,26.89,F
29/11/2005,5.45,89.38,26.87,F
30/11/2005,6.83,86.94,27.18,F
1/12/2005,8.31,86.88,27.16,F
2/12/2005,4.24,84.69,27.1,F
3/12/2005,2.49,83.75,26.77,F
4/12/2005,2,84,27.38,F
5/12/2005,3.48,85.62,27.58,F
6/12/2005,3.33,87.56,27.12,F
7/12/2005,2.52,86.25,27.22,F
8/12/2005,1.56,85.81,26.83,F
9/12/2005,3.12,85.19,27.02,F
10/12/2005,4.93,86,27.23,F
11/12/2005,4.95,85.38,27.45,F
12/12/2005,5.83,87.38,27.48,F
13/12/2005,5.95,88.12,27.41,F
14/12/2005,7.66,88.12,27.4,F
15/12/2005,3.33,84.81,27.33,F
16/12/2005,5.15,88.12,27.11,F
17/12/2005,7.34,87.94,26.94,F
18/12/2005,8.2,85.38,26.94,F
19/12/2005,7.29,82.38,26.82,F
20/12/2005,5.54,80.81,27.11,F
21/12/2005,5.07,80.56,27.35,F
22/12/2005,4.84,83.62,27.15,F
23/12/2005,7.26,85.94,26.7,F
24/12/2005,5.36,84.06,26.91,F
25/12/2005,2.26,83,26.64,F
26/12/2005,4.7,89.44,26.27,F
27/12/2005,6.68,87.31,26.71,F
28/12/2005,5.84,82.69,26.69,F
29/12/2005,5.54,84.69,26.54,F
30/12/2005,5.45,84.75,26.78,F
31/12/2005,4.53,89.5,26.31,F
1/1/2006,4.8,86.88,26.71,G
2/1/2006,6.25,87.5,26.7,G
3/1/2006,4.28,85.5,27,G
4/1/2006,4.51,89.12,26.46,G
5/1/2006,4.8,88.94,26.39,G
6/1/2006,7.95,86.06,26.87,G
7/1/2006,9.76,85.69,26.8,G
8/1/2006,10.78,84.19,26.9,G
9/1/2006,9.75,84.75,26.66,G
10/1/2006,10.23,85.25,26.4,G
11/1/2006,8.5,85.69,26.37,G
12/1/2006,7.34,87.12,26.12,G
13/1/2006,6.39,87.44,26.09,G
14/1/2006,7.22,88.69,26.08,G
15/1/2006,5.92,85.19,26.33,G
16/1/2006,6.02,90.12,25.96,G
17/1/2006,4.91,91.19,25.82,G
18/1/2006,4.42,88.06,25.97,G
19/1/2006,3.66,89.38,25.88,G
20/1/2006,3.88,89.94,25.9,G
21/1/2006,4.64,86.62,26.27,G
22/1/2006,5.04,86.88,26.27,G
23/1/2006,7.39,84.38,26.49,G
24/1/2006,7.79,79.12,26.54,G
25/1/2006,7.2,80.5,26.1,G
26/1/2006,7.31,84.81,26.04,G
27/1/2006,7.38,84.38,26.05,G
28/1/2006,5.91,84.44,26,G
29/1/2006,6.08,85.12,25.93,G
30/1/2006,6.16,83.38,26.17,G
31/1/2006,5.66,85.56,26.27,G
1/2/2006,5.77,90.5,26.28,G
2/2/2006,7.44,88.12,26.3,G
3/2/2006,7.71,87.31,26.26,G
4/2/2006,8.71,87.56,26.35,G
5/2/2006,8.8,85.62,26.19,G
6/2/2006,7.77,86.94,26.06,G
7/2/2006,7.59,87.25,26.1,G
8/2/2006,8.87,86.44,26.26,G
9/2/2006,8.45,90.75,25.96,G
10/2/2006,7.33,90.38,25.58,G
11/2/2006,5.93,90.19,25.69,G
12/2/2006,5.63,89.31,26.2,G
13/2/2006,6.06,90.38,26.32,G
14/2/2006,4.95,90.81,26.08,G
15/2/2006,4.38,81.81,26.48,G
16/2/2006,4.3,83.69,26.44,G
17/2/2006,4.81,84.06,26.73,G
18/2/2006,4.99,89.06,26.48,G
19/2/2006,6.32,90.06,26.53,G
20/2/2006,7.17,89.38,26.65,G
21/2/2006,7.26,87.88,26.67,G
22/2/2006,6.77,89.56,26.6,G
23/2/2006,7.2,88.69,26.75,G
24/2/2006,7.34,89.25,26.58,G
25/2/2006,6.56,89.25,26.57,G
26/2/2006,5.63,88.19,26.52,G
27/2/2006,4.86,88.31,26.3,G
28/2/2006,4.54,84.44,26.76,G
1/3/2006,5.14,81.56,26.91,G
2/3/2006,6.05,79.88,26.95,G
3/3/2006,6.7,85.38,26.61,G
4/3/2006,6.83,83.81,26.6,G
5/3/2006,5.45,81.69,26.83,G
6/3/2006,4,76.06,27.12,G
7/3/2006,4.23,78.56,26.86,G
8/3/2006,4.47,76.75,26.68,G
9/3/2006,3.81,81.69,26.82,G
10/3/2006,3.66,84.44,26.99,G
11/3/2006,4.09,87.44,26.85,G
12/3/2006,3.41,80.31,27.01,G
13/3/2006,2.27,76.31,26.51,G
14/3/2006,2.88,75.62,26.68,G
15/3/2006,4.34,80.12,26.98,G
16/3/2006,4.72,82.19,27.25,G
17/3/2006,3.66,80.44,27.55,G
18/3/2006,4.09,81.62,27.53,G
19/3/2006,3.47,84.12,27.46,G
20/3/2006,3.21,83.38,27.29,G
21/3/2006,4.12,85,27.56,G
22/3/2006,3.35,81.38,27.5,G
23/3/2006,3.6,82,27.53,G
24/3/2006,3.1,82.62,27.76,G
25/3/2006,3.07,83.25,27.88,G
26/3/2006,3.02,84.75,27.9,G
27/3/2006,2.24,85.56,27.48,G
28/3/2006,2.52,83.25,27.41,G
29/3/2006,1.72,78.5,27.9,G
30/3/2006,3.61,81.62,27.9,G
31/3/2006,5.05,79.25,28.24,G
1/4/2006,3.02,79.06,28.05,G
2/4/2006,2.21,81.69,27.51,G
3/4/2006,2.92,82.25,27.77,G
4/4/2006,3.69,83.62,27.98,G
5/4/2006,3.96,80.88,28.4,G
6/4/2006,3.23,81.75,28.07,G
7/4/2006,2.02,82.19,27.64,G
8/4/2006,2.94,83.69,27.69,G
9/4/2006,2.72,85.62,27.39,G
10/4/2006,1.77,80.81,27.83,G
11/4/2006,2.26,80.44,28.15,G
12/4/2006,2.99,80.25,28.31,G
13/4/2006,4.55,81.62,28.3,G
14/4/2006,3.32,79.12,27.98,G
15/4/2006,2.66,77.88,27.73,G
16/4/2006,3.19,72.19,28.02,G
17/4/2006,4.46,81.94,27.81,G
18/4/2006,3.64,81.25,28.18,G
19/4/2006,3.45,81.69,28.21,G
20/4/2006,3.7,81.38,28.33,G
21/4/2006,2.37,82.19,27.87,G
22/4/2006,2.45,79.75,28.3,G
23/4/2006,1.52,76.38,28.56,G
24/4/2006,0.84,76.38,28.53,G
25/4/2006,2.23,80,28.25,G
26/4/2006,2.41,80.69,28.37,G
27/4/2006,1.41,75.75,28.2,G
28/4/2006,1.81,72.75,28.93,G
29/4/2006,1.88,76.44,28.98,G
30/4/2006,1.36,78,28.74,G
1/5/2006,1.75,81.81,28.22,G
2/5/2006,0.89,79.69,27.79,G
3/5/2006,0.77,80.62,27.47,G
4/5/2006,1.26,77.31,28.55,G
5/5/2006,3.05,80.81,28.8,G
6/5/2006,4.19,83.88,28.23,G
7/5/2006,4.51,78.69,28.5,G
8/5/2006,3.45,80.94,28.76,G
9/5/2006,1.9,80.06,28.6,G
10/5/2006,1.79,76.25,28.72,G
11/5/2006,1.77,77.12,28.55,G
12/5/2006,1.43,69.44,28.71,G
13/5/2006,1.96,70.56,28.97,G
14/5/2006,2.33,79.69,28.65,G
15/5/2006,2.91,82,28.55,G
16/5/2006,5.41,81.31,29.14,G
17/5/2006,4.98,76.81,29.69,G
18/5/2006,3.65,71.44,29.8,G
19/5/2006,2.39,75,29.19,G
20/5/2006,3.32,77.19,28.87,G
21/5/2006,3.09,78.25,28.2,G
22/5/2006,2.15,78.94,28.01,G
23/5/2006,2.41,78.75,28.08,G
24/5/2006,3.4,80.38,28.4,G
25/5/2006,2.93,78.12,28.79,G
26/5/2006,2.27,77.12,28.62,G
27/5/2006,1.3,79.44,27.97,G
28/5/2006,2.09,81.62,27.69,G
29/5/2006,2.78,79.06,28.33,G
30/5/2006,3.59,81.31,28.75,G
31/5/2006,3.38,81.69,28.71,G
1/6/2006,2.7,79.62,28.33,G
2/6/2006,4.07,79.12,28.57,G
3/6/2006,5.07,82.56,28.65,G
4/6/2006,3.88,82.19,28.28,G
5/6/2006,4.88,81.44,28.45,G
6/6/2006,2.9,80.69,28.01,G
7/6/2006,3.16,81.25,28.08,G
8/6/2006,4.91,85.94,27.97,G
9/6/2006,5.01,84.62,27.89,G
10/6/2006,3.81,83.06,27.69,G
11/6/2006,4.38,81.56,27.74,G
12/6/2006,4.27,77.25,28.71,G
13/6/2006,4.61,81.62,28.35,G
14/6/2006,4.06,84.81,28.01,G
15/6/2006,4.59,84.94,28.18,G
16/6/2006,5.35,85.25,28.24,G
17/6/2006,5.7,84.12,28.5,G
18/6/2006,5.62,84.88,28.51,G
19/6/2006,5.21,83.81,28.58,G
20/6/2006,4.29,85.88,27.95,G
21/6/2006,2.73,84.94,27.44,G
22/6/2006,1.7,80.56,27.7,G
23/6/2006,3.02,82.94,27.91,G
24/6/2006,5.09,85.94,28.05,G
25/6/2006,5.52,84.62,27.94,G
26/6/2006,6.48,83.19,28.59,G
27/6/2006,6.87,81.81,28.7,G
28/6/2006,6.99,80.62,28.9,G
29/6/2006,5.45,80.88,28.72,G
30/6/2006,5.57,83.75,28.45,G
1/7/2006,7.3,81.06,28.87,G
2/7/2006,6.58,83.44,28.36,G
3/7/2006,6.41,81.88,28.73,G
4/7/2006,5.66,81.25,28.82,G
5/7/2006,6.45,82.31,28.87,G
6/7/2006,5.86,84.19,28.67,G
7/7/2006,6.07,84.94,28.62,G
8/7/2006,6.15,83.69,28.73,G
9/7/2006,6.21,85.06,28.55,G
10/7/2006,5.78,87.12,27.83,G
11/7/2006,6.49,84.56,28.32,G
12/7/2006,7.28,83,28.26,G
13/7/2006,7.41,84.31,28.19,G
14/7/2006,6.45,84.19,28.41,G
15/7/2006,5.82,82.31,28.44,G
16/7/2006,6.41,84.19,28.56,G
17/7/2006,4.95,84.12,28.44,G
18/7/2006,4.84,86.38,27.86,G
19/7/2006,3.86,83.56,27.69,G
20/7/2006,4.74,83.12,28.12,G
21/7/2006,4.2,84.06,28.07,G
22/7/2006,4.57,82.69,27.94,G
23/7/2006,5.79,85.75,28.29,G
24/7/2006,5.94,83,28.6,G
25/7/2006,6.55,80.31,28.64,G
26/7/2006,6.1,78.5,28.76,G
27/7/2006,3.84,81.94,28.08,G
28/7/2006,3.1,81.88,27.87,G
29/7/2006,3.82,81.31,27.8,G
30/7/2006,6.01,84,27.98,G
31/7/2006,4.67,84.5,27,G
1/8/2006,5.48,80.81,27.97,G
2/8/2006,5.73,79.19,28.23,G
3/8/2006,6.65,79.75,28.38,G
4/8/2006,6.55,80.31,28.4,G
5/8/2006,5.64,78.75,28.44,G
6/8/2006,6.1,82,28.33,G
7/8/2006,6.7,80.88,28.53,G
8/8/2006,7.99,80.5,28.26,G
9/8/2006,7.45,80.94,28.35,G
10/8/2006,7.64,80.38,28.23,G
11/8/2006,7.14,82.12,28.14,G
12/8/2006,6.88,82.44,28.04,G
13/8/2006,7.74,83.56,28.09,G
14/8/2006,8.02,83.12,28.07,G
15/8/2006,7.59,82.81,27.95,G
16/8/2006,6.72,81.62,28.15,G
17/8/2006,5.33,79.88,28.38,G
18/8/2006,4.21,81.94,28.22,G
19/8/2006,5.38,86.12,27.86,G
20/8/2006,4.84,83.31,28.05,G
21/8/2006,4.72,79.44,28.13,G
22/8/2006,5.54,81.56,28.05,G
23/8/2006,5.44,82.06,28.03,G
24/8/2006,5.59,82.38,28.12,G
25/8/2006,5.62,83.5,28.21,G
26/8/2006,5.03,82.31,28.19,G
27/8/2006,5.56,82.69,27.9,G
28/8/2006,5.29,84.88,27.76,G
29/8/2006,4.16,84.56,27.69,G
30/8/2006,3.3,84.62,27.3,G
31/8/2006,4,83.56,26.69,G
1/9/2006,4.96,84.69,27.09,G
2/9/2006,3.73,78.94,27.77,G
3/9/2006,3.67,78.56,27.97,G
4/9/2006,4.66,81.31,28.04,G
5/9/2006,5.14,82.81,27.98,G
6/9/2006,4.84,80.62,28.37,G
7/9/2006,4.2,82.81,28.15,G
8/9/2006,4.01,84.31,27.9,G
9/9/2006,3.77,81.69,28.19,G
10/9/2006,4.02,82.94,28.06,G
11/9/2006,4.09,82.56,28.13,G
12/9/2006,3.99,84.31,27.9,G
13/9/2006,2.8,80.5,27.62,G
14/9/2006,3.41,74.31,27.91,G
15/9/2006,3.39,82.94,27.31,G
16/9/2006,2.17,80.88,27.12,G
17/9/2006,3.66,81.19,27.25,G
18/9/2006,4.05,84.19,27.28,G
19/9/2006,5.34,79.62,28.12,G
20/9/2006,4.22,76.12,28.5,G
21/9/2006,3.7,77.38,28.64,G
22/9/2006,3.73,81.25,28.23,G
23/9/2006,5.55,84.31,28.15,G
24/9/2006,6.19,86.12,27.69,G
25/9/2006,6.41,81.06,28.54,G
26/9/2006,5.49,82.19,28.24,G
27/9/2006,5.84,82.81,28.19,G
28/9/2006,6.68,78.56,28.55,G
29/9/2006,4.5,82.19,28.04,G
30/9/2006,5.05,81.44,28.19,G
1/10/2006,5.52,81.38,27.87,G
2/10/2006,7.23,80.12,28.64,G
3/10/2006,7.02,80.25,28.77,G
4/10/2006,6.51,79.94,28.71,G
5/10/2006,4.96,81.56,28.43,G
6/10/2006,5.34,80.75,28.72,G
7/10/2006,5.74,80.94,28.48,G
8/10/2006,3.46,78,28.33,G
9/10/2006,3.41,82.38,28.05,G
10/10/2006,3.72,83.81,27.81,G
11/10/2006,1.6,77.38,27.68,G
12/10/2006,2.47,76.56,27.83,G
13/10/2006,3.09,80.94,27.8,G
14/10/2006,1.95,81.94,27.38,G
15/10/2006,1.77,78.19,27.95,G
16/10/2006,1.9,77.44,28.26,G
17/10/2006,1.99,78.38,28.35,G
18/10/2006,1.58,78.5,28.24,G
19/10/2006,1.38,79.75,27.9,G
20/10/2006,2.46,80.38,28.11,G
21/10/2006,2.02,80.31,27.79,G
22/10/2006,1.56,81.5,27.6,G
23/10/2006,2.48,82.25,27.76,G
24/10/2006,3.15,84.94,27.81,G
25/10/2006,3.31,84.94,27.3,G
26/10/2006,2.73,83.44,27.12,G
27/10/2006,1.99,80.5,27.51,G
28/10/2006,2.16,81.81,27.67,G
29/10/2006,1.27,79.56,27.8,G
30/10/2006,1.84,75.94,28.07,G
31/10/2006,1.4,77.81,28.01,G
1/11/2006,2.4,84.69,27.36,G
2/11/2006,3.73,83.88,27.71,G
3/11/2006,3.7,85.38,27.89,G
4/11/2006,3.02,83.44,27.72,G
5/11/2006,3.43,85.06,27.71,G
6/11/2006,3.74,83.88,27.6,G
7/11/2006,3.69,82.88,27.53,G
8/11/2006,3.01,81.56,27.87,G
9/11/2006,3.51,83.81,27.79,G
10/11/2006,4.07,85.69,27.46,G
11/11/2006,2.07,85.12,26.54,G
12/11/2006,2.55,83.5,27.01,G
13/11/2006,3.28,84.44,27.14,G
14/11/2006,1.84,82.19,27.32,G
15/11/2006,2.58,82.19,27.38,G
16/11/2006,3.48,83.56,27.62,G
17/11/2006,4.95,84.94,28.15,G
18/11/2006,3.95,84.56,28.01,G
19/11/2006,2.77,84.06,27.69,G
20/11/2006,2.7,82.62,27.05,G
21/11/2006,2.4,82.88,27.51,G
22/11/2006,1.76,83.69,27.51,G
23/11/2006,2.47,83,27.62,G
24/11/2006,2.8,85.44,27.28,G
25/11/2006,3.59,84.38,27.58,G
26/11/2006,3.29,85.06,27.7,G
27/11/2006,3.92,84.31,27.84,G
28/11/2006,3.45,85.56,27.57,G
29/11/2006,3.85,83,27.98,G
30/11/2006,3.6,83.88,27.92,G
1/12/2006,4.63,86.69,27.45,G
2/12/2006,6.73,82.19,28.16,G
3/12/2006,6.27,77.12,28.56,G
4/12/2006,7.28,77,28.57,G
5/12/2006,3.79,80.94,27.79,G
6/12/2006,3.61,84.44,27.45,G
7/12/2006,3.09,86.12,27.05,G
8/12/2006,3.78,87.25,26.9,G
9/12/2006,4.27,87.94,26.8,G
10/12/2006,5.01,84.69,27.33,G
11/12/2006,4,84,27.75,G
12/12/2006,4.68,87.19,27.55,G
13/12/2006,3.88,87.12,27.22,G
14/12/2006,3.55,87.5,27.01,G
15/12/2006,5.18,85.44,27.85,G
16/12/2006,6.87,85.5,28.33,G
17/12/2006,9.68,84.81,28.13,G
18/12/2006,9.73,85.31,27.92,G
19/12/2006,9.23,86.25,27.77,G
20/12/2006,8.39,87.25,27.75,G
21/12/2006,9.88,84.62,27.65,G
22/12/2006,10.89,82.62,27.48,G
23/12/2006,9.16,83.31,27.31,G
24/12/2006,9.27,85,27.29,G
25/12/2006,8.35,86.5,27.2,G
26/12/2006,8.5,86.75,27.16,G
27/12/2006,9.07,86.19,26.99,G
28/12/2006,8.61,83.5,26.95,G
29/12/2006,7.63,81.44,26.65,G
30/12/2006,7.47,83.5,26.92,G
31/12/2006,8.69,85.5,26.96,G
1/1/2007,7.7,88.38,26.52,H
2/1/2007,7.5,85.44,27.12,H
3/1/2007,7.59,89.31,26.51,H
4/1/2007,6.01,83,26.72,H
5/1/2007,7.24,89.75,26.34,H
6/1/2007,8.43,86.44,27.18,H
7/1/2007,8.8,87.94,27.2,H
8/1/2007,5.23,86.5,26.9,H
9/1/2007,7.88,89.69,26.4,H
10/1/2007,8.62,86.88,26.8,H
11/1/2007,8.83,86.94,26.79,H
12/1/2007,7.98,88.69,26.64,H
13/1/2007,8.81,88.81,26.42,H
14/1/2007,7.66,88.5,26.3,H
15/1/2007,8.08,88.19,26.11,H
16/1/2007,6.88,89.56,26.02,H
17/1/2007,6.41,91.56,26.11,H
18/1/2007,5.03,91.69,25.94,H
19/1/2007,3.94,90.62,26.23,H
20/1/2007,6.66,89.25,26.83,H
21/1/2007,6.18,86.75,26.77,H
22/1/2007,6.77,83.25,26.76,H
23/1/2007,6.59,88.19,26.5,H
24/1/2007,8.26,86.94,26.62,H
25/1/2007,8.76,85.75,26.66,H
26/1/2007,8.52,86,26.57,H
27/1/2007,9.05,85.94,26.33,H
28/1/2007,10.19,80.62,26.22,H
29/1/2007,10.09,76.12,25.95,H
30/1/2007,8.8,76.25,25.65,H
31/1/2007,8.08,77.94,25.46,H
1/2/2007,8.34,78.56,25.52,H
2/2/2007,8.44,78.81,25.62,H
3/2/2007,8.33,81.56,25.57,H
4/2/2007,7.18,82.69,25.56,H
5/2/2007,7.02,86.56,25.43,H
6/2/2007,6.61,85.56,25.65,H
7/2/2007,6.65,84.12,25.74,H
8/2/2007,6.58,86.38,25.68,H
9/2/2007,6.77,82.38,26.12,H
10/2/2007,6.3,84,25.98,H
11/2/2007,5.06,86.5,26.18,H
12/2/2007,6.47,89.12,26.01,H
13/2/2007,5.61,85.5,26.29,H
14/2/2007,4.95,84.38,26.48,H
15/2/2007,4.85,83.12,26.53,H
16/2/2007,4.64,90,26.23,H
17/2/2007,4.25,86,26.78,H
18/2/2007,3.83,79.56,27.06,H
19/2/2007,3.71,80.25,26.9,H
20/2/2007,2.62,76.06,27.04,H
21/2/2007,2.42,77.62,27.05,H
22/2/2007,1.84,77.88,26.94,H
23/2/2007,3.22,82.19,26.98,H
24/2/2007,5.19,81.62,27.38,H
25/2/2007,4.21,81.12,27.37,H
26/2/2007,3.91,83.81,26.91,H
27/2/2007,5.3,83.12,26.97,H
28/2/2007,5.77,83.44,27.19,H
1/3/2007,5.37,86.25,26.81,H
2/3/2007,5.07,85.19,26.92,H
3/3/2007,5.54,81.88,27.3,H
4/3/2007,4.62,79.69,26.92,H
5/3/2007,4.35,79.44,26.8,H
6/3/2007,3.94,78.69,26.76,H
7/3/2007,5.09,79.88,27.03,H
8/3/2007,4.45,78.12,27.44,H
9/3/2007,4.87,77.62,27.51,H
10/3/2007,5.54,80.25,27.46,H
11/3/2007,5.98,82.5,27.67,H
12/3/2007,5.73,83.62,27.83,H
13/3/2007,4.79,84.44,27.51,H
14/3/2007,4.39,86.5,27.19,H
15/3/2007,3.37,84.5,27.28,H
16/3/2007,1.91,80.12,27.23,H
17/3/2007,0.99,77.62,27.23,H
18/3/2007,1.52,81.75,27.35,H
19/3/2007,3.46,80.62,27.91,H
20/3/2007,2.52,76.88,27.87,H
21/3/2007,3.44,82.25,27.66,H
22/3/2007,3.84,83.44,27.66,H
23/3/2007,2.83,84.75,26.63,H
24/3/2007,1.74,83.25,26.9,H
25/3/2007,2.48,82.44,28.07,H
26/3/2007,2.49,83.88,27.75,H
27/3/2007,2.02,83.44,27.68,H
28/3/2007,3.04,83.62,27.95,H
29/3/2007,3.69,83.81,27.83,H
30/3/2007,4.71,85.25,27.58,H
31/3/2007,4.07,84.94,27.9,H
1/4/2007,2.21,83.25,27.58,H
2/4/2007,2.08,78.56,27.77,H
3/4/2007,2.98,82,27.87,H
4/4/2007,4.77,82.81,27.75,H
5/4/2007,6.91,77,28.49,H
6/4/2007,5.28,76.44,28.45,H
7/4/2007,4.99,80.94,28.18,H
8/4/2007,5.04,81.5,28.19,H
9/4/2007,4.86,81.38,28.3,H
10/4/2007,4.71,80.56,28.47,H
11/4/2007,4.11,79.12,28.5,H
12/4/2007,4.36,82.88,28.16,H
13/4/2007,3.59,82.31,28.25,H
14/4/2007,2.13,82.75,27.99,H
15/4/2007,2.76,83.62,28.24,H
16/4/2007,1.73,79.06,28.53,H
17/4/2007,1.32,77.75,28.44,H
18/4/2007,1.11,73.25,28.7,H
19/4/2007,1.53,75.56,28.58,H
20/4/2007,2.44,78.25,28.61,H
21/4/2007,2.24,79.31,28.62,H
22/4/2007,1.38,76.81,28.58,H
23/4/2007,1.5,77.62,28.41,H
24/4/2007,2.76,81.31,28.36,H
25/4/2007,1.68,77.38,28.62,H
26/4/2007,2.27,78.62,28.37,H
27/4/2007,3.83,82.75,28.24,H
28/4/2007,2.56,80.5,28.17,H
29/4/2007,3.13,82.81,28.15,H
30/4/2007,3.86,83.31,28.3,H
1/5/2007,3.94,84.69,28.48,H
2/5/2007,4.23,85.75,28.2,H
3/5/2007,2.91,82.5,28.25,H
4/5/2007,2.49,81.31,28.35,H
5/5/2007,4.91,84.5,28.51,H
6/5/2007,4.38,82.38,28.69,H
7/5/2007,3.44,82.38,28.8,H
8/5/2007,3.24,83,28.67,H
9/5/2007,4,85.25,28.54,H
10/5/2007,4.95,85.06,28.45,H
11/5/2007,3.28,83.19,28.32,H
12/5/2007,2.5,82.75,28.37,H
13/5/2007,3.52,81.06,28.73,H
14/5/2007,4.65,84.75,28.55,H
15/5/2007,4.39,86.75,27.93,H
16/5/2007,2.24,81.69,28.14,H
17/5/2007,3.14,82.25,28.13,H
18/5/2007,1.73,82.38,27.76,H
19/5/2007,1.3,77.06,28.34,H
20/5/2007,2.05,78.81,28.59,H
21/5/2007,3.88,81.12,28.92,H
22/5/2007,3.8,81.75,28.74,H
23/5/2007,3.16,85.19,28.31,H
24/5/2007,3.97,85.69,28.57,H
25/5/2007,3.04,82.12,28.71,H
26/5/2007,4.17,82.81,28.87,H
27/5/2007,3.34,82.44,28.53,H
28/5/2007,3.71,79.38,28.8,H
29/5/2007,3.61,83.19,28.35,H
30/5/2007,3.76,83.94,28.38,H
31/5/2007,3.83,83.5,28.44,H
1/6/2007,2.05,81.31,28.14,H
2/6/2007,2.8,79.56,28.58,H
3/6/2007,3.16,82.94,28.55,H
4/6/2007,1.8,79.19,28.57,H
5/6/2007,2.17,75.25,28.86,H
6/6/2007,3.58,82.69,28.12,H
7/6/2007,2.43,80.06,28.41,H
8/6/2007,2.41,80.44,28.49,H
9/6/2007,2.66,78.31,28.87,H
10/6/2007,2.85,80.62,28.79,H
11/6/2007,3.36,81.44,28.67,H
12/6/2007,5.41,85.81,28.41,H
13/6/2007,4.05,82.12,28.56,H
14/6/2007,3.67,83.06,28.4,H
15/6/2007,3.03,82.31,28.37,H
16/6/2007,3.52,85.94,27.82,H
17/6/2007,4.16,85.19,28.08,H
18/6/2007,3.98,83.44,27.94,H
19/6/2007,4.3,83.94,28.07,H
20/6/2007,6.36,82.06,28.4,H
21/6/2007,5.2,84.38,28.36,H
22/6/2007,3.46,84.81,28.3,H
23/6/2007,4.35,84.25,28.67,H
24/6/2007,6.2,84.31,29,H
25/6/2007,5.62,85.56,28.79,H
26/6/2007,5.01,81.19,28.69,H
27/6/2007,4.44,80.75,29.01,H
28/6/2007,2.1,79.31,28.47,H
29/6/2007,2.64,82.38,28.01,H
30/6/2007,3.62,78.88,28.23,H
1/7/2007,3.45,84.12,28.73,H
2/7/2007,4.09,85.19,28.69,H
3/7/2007,4.8,80.69,29.29,H
4/7/2007,4.91,79.94,29.23,H
5/7/2007,4.73,81,29.03,H
6/7/2007,4.81,81.81,28.94,H
7/7/2007,4.3,81.69,28.39,H
8/7/2007,3.75,81.12,28.42,H
9/7/2007,6.48,84.56,28.12,H
10/7/2007,6.05,81.94,28.37,H
11/7/2007,5.07,83.69,28.41,H
12/7/2007,5.91,82.62,28.69,H
13/7/2007,5.9,79.12,29.02,H
14/7/2007,5.07,78.69,29.08,H
15/7/2007,5.11,78.69,29.16,H
16/7/2007,3.96,79.19,28.9,H
17/7/2007,3.05,83.38,28.4,H
18/7/2007,2.98,83.06,28.08,H
19/7/2007,2.79,82.56,27.77,H
20/7/2007,2.24,83.06,27.73,H
21/7/2007,3.19,84.12,27.48,H
22/7/2007,4.16,86.75,27.27,H
23/7/2007,4.49,83.81,27.48,H
24/7/2007,5.39,86.5,26.96,H
25/7/2007,2.4,82.62,26.53,H
26/7/2007,2.22,78.81,27.07,H
27/7/2007,4.1,85.06,27.18,H
28/7/2007,3.7,82.31,27.41,H
29/7/2007,4.26,83.81,27.31,H
30/7/2007,5.3,86.12,27.43,H
31/7/2007,5.17,83.75,27.6,H
1/8/2007,4.52,81.06,27.72,H
2/8/2007,5,80.88,27.66,H
3/8/2007,4.13,75.94,28.12,H
4/8/2007,6.16,80.81,28.19,H
5/8/2007,6.77,79.75,28.4,H
6/8/2007,5.98,78.56,28.49,H
7/8/2007,4.93,78.75,28.33,H
8/8/2007,7.17,82.56,28.44,H
9/8/2007,7.97,82.56,28.61,H
10/8/2007,7.23,81.88,28.6,H
11/8/2007,6.62,82.56,28.51,H
12/8/2007,5.3,83.69,27.88,H
13/8/2007,3.85,85.31,27.62,H
14/8/2007,5.76,85,27.84,H
15/8/2007,5.98,84.69,27.86,H
16/8/2007,7.02,82.75,28.05,H
17/8/2007,6.27,81.12,27.98,H
18/8/2007,5.34,83.94,27.8,H
19/8/2007,4.94,85.56,27.65,H
20/8/2007,5.34,86.06,26.82,H
21/8/2007,4.93,85.25,27,H
22/8/2007,3.85,84.38,27.05,H
23/8/2007,4.05,84.12,27.18,H
24/8/2007,4.37,85.19,27.3,H
25/8/2007,4.3,85.25,27.22,H
26/8/2007,2.7,83.88,26.99,H
27/8/2007,3.29,84.69,27.01,H
28/8/2007,6.66,86.81,27.23,H
29/8/2007,6.66,83.38,27.87,H
30/8/2007,6.48,83.81,27.91,H
31/8/2007,4.91,85.25,27.45,H
1/9/2007,4.64,85.5,27.58,H
2/9/2007,4.95,86.12,27.58,H
3/9/2007,4.18,85.88,26.99,H
4/9/2007,5.23,84.5,26.91,H
5/9/2007,4.06,80.69,27.56,H
6/9/2007,3.82,85,27.65,H
7/9/2007,1.79,81.19,27.63,H
8/9/2007,3.3,83.38,27.22,H
9/9/2007,2.7,81.31,26.95,H
10/9/2007,4.04,85.19,27.01,H
11/9/2007,4.02,86.12,27.23,H
12/9/2007,5.36,85.94,27.59,H
13/9/2007,3.96,82.25,27.84,H
14/9/2007,4.76,84.5,27.86,H
15/9/2007,5.58,84.5,27.85,H
16/9/2007,6.21,85.69,27.39,H
17/9/2007,6.08,81.75,27.72,H
18/9/2007,5.2,81.81,28.15,H
19/9/2007,4.61,83.56,28.23,H
20/9/2007,6.05,83.5,28.42,H
21/9/2007,4.68,79.31,28.43,H
22/9/2007,3.77,79.94,28.16,H
23/9/2007,4.16,81.38,28.09,H
24/9/2007,4.16,79.44,27.9,H
25/9/2007,6.63,82,28.55,H
26/9/2007,5.91,82.44,28.58,H
27/9/2007,5.1,83.94,27.9,H
28/9/2007,5.15,78.94,28.37,H
29/9/2007,4.33,77.44,28.51,H
30/9/2007,4.7,77.25,28.55,H
1/10/2007,4.88,78.12,28.71,H
2/10/2007,5.63,79.19,28.65,H
3/10/2007,6.38,78,28.78,H
4/10/2007,5.46,79.06,28.56,H
5/10/2007,4.45,81,28.27,H
6/10/2007,2.93,81.94,27.9,H
7/10/2007,1.59,81.69,27.43,H
8/10/2007,1.73,80.56,26.95,H
9/10/2007,4.01,84,27.26,H
10/10/2007,3.22,80.5,27.65,H
11/10/2007,2.22,80,27.73,H
12/10/2007,1.6,81.25,27.42,H
13/10/2007,1.48,79.19,27.5,H
14/10/2007,1.65,79.62,27.4,H
15/10/2007,1.98,79.44,27.4,H
16/10/2007,2.36,82.56,27.43,H
17/10/2007,2.01,81,27.22,H
18/10/2007,2.22,80.44,27.03,H
19/10/2007,3.51,85.75,27,H
20/10/2007,3.34,82.94,27.63,H
21/10/2007,3.04,82.19,27.59,H
22/10/2007,6.33,84.94,27.83,H
23/10/2007,6.89,83.31,27.98,H
24/10/2007,6.25,85.5,27.55,H
25/10/2007,4.75,83.12,27.51,H
26/10/2007,2.53,82.06,27.8,H
27/10/2007,2.52,80.12,28.02,H
28/10/2007,2.18,82.38,27.59,H
29/10/2007,5.46,86.88,27.15,H
30/10/2007,2.11,78.06,27.03,H
31/10/2007,2.13,81.62,27.27,H
1/11/2007,1.83,77.31,27.53,H
2/11/2007,2.98,82.44,27.14,H
3/11/2007,4.11,81.94,27.39,H
4/11/2007,3.59,84,27.28,H
5/11/2007,3.84,83.06,27.58,H
6/11/2007,3.36,87.38,26.91,H
7/11/2007,2.22,84.94,26.79,H
8/11/2007,2.73,84.5,26.83,H
9/11/2007,2.2,86.75,26.59,H
10/11/2007,2.33,84.5,27.09,H
11/11/2007,4.08,83.5,27.26,H
12/11/2007,3.13,84.69,27.3,H
13/11/2007,1.76,80.56,27.62,H
14/11/2007,1.88,80.69,27.31,H
15/11/2007,1.48,81.62,27.06,H
16/11/2007,3.83,82.81,27.7,H
17/11/2007,3.33,83.75,27.5,H
18/11/2007,3.08,82.94,27.68,H
19/11/2007,4.37,83.12,27.83,H
20/11/2007,4.66,83.38,27.5,H
21/11/2007,5.37,87.38,26.48,H
22/11/2007,3.8,83.88,27.3,H
23/11/2007,4.75,79.25,28.13,H
24/11/2007,3.62,82.19,27.78,H
25/11/2007,4.74,79.88,27.79,H
26/11/2007,5.08,81.94,27.4,H
27/11/2007,4.66,85.12,26.24,H
28/11/2007,5.18,85.69,26.22,H
29/11/2007,8.08,80.06,27,H
30/11/2007,8.68,76.56,26.74,H
1/12/2007,8.34,75.12,26.79,H
2/12/2007,7.77,76.44,26.91,H
3/12/2007,8.68,78.62,27.05,H
4/12/2007,9.37,80,27.1,H
5/12/2007,8.27,85.44,27.23,H
6/12/2007,7.19,86.81,26.95,H
7/12/2007,6.02,89.81,26.53,H
8/12/2007,8.05,88.56,26.98,H
9/12/2007,7.66,87.81,27.08,H
10/12/2007,8.66,87,27.08,H
11/12/2007,6.16,88.94,26.48,H
12/12/2007,6.25,89.19,26.61,H
13/12/2007,5.2,88.5,26.42,H
14/12/2007,5.57,88.5,26.83,H
15/12/2007,5.5,88.88,26.94,H
16/12/2007,6.34,89.06,26.9,H
17/12/2007,6.89,90.12,26.6,H
18/12/2007,6.47,87.12,26.85,H
19/12/2007,7.73,84.38,26.8,H
20/12/2007,5.62,86.31,26.43,H
21/12/2007,4.66,88.56,25.89,H
22/12/2007,5.55,88.38,26.32,H
23/12/2007,5.23,89.38,26.33,H
24/12/2007,6.05,86,26.55,H
25/12/2007,6.18,89.56,26.08,H
26/12/2007,7.37,81.81,26.9,H
27/12/2007,6.23,80.19,26.59,H
28/12/2007,4.58,86.56,26.36,H
29/12/2007,5.1,85.38,26.51,H
30/12/2007,5.35,84.81,26.41,H
31/12/2007,8.18,83.44,26.92,H
1/1/2008,9.01,84.5,26.57,I
2/1/2008,9.3,84.62,26.58,I
3/1/2008,9.1,87.56,25.93,I
4/1/2008,8.86,87.06,26.16,I
5/1/2008,7.74,86.5,26.01,I
6/1/2008,7.66,86.5,26.12,I
7/1/2008,7.2,86.56,26.4,I
8/1/2008,7.09,89.56,26.16,I
9/1/2008,5.7,89.38,25.98,I
10/1/2008,4.85,88.88,25.85,I
11/1/2008,4.81,88.31,25.96,I
12/1/2008,3.67,85.94,26.1,I
13/1/2008,3.84,82,26.37,I
14/1/2008,4.18,86.31,26.23,I
15/1/2008,5.27,81.69,26.26,I
16/1/2008,4.72,79.25,26.66,I
17/1/2008,8.41,84.75,26.77,I
18/1/2008,8.46,88.38,26.18,I
19/1/2008,6.58,87.88,26.29,I
20/1/2008,6.77,85.19,26.51,I
21/1/2008,6.55,88.06,26.29,I
22/1/2008,7.48,83.94,26.69,I
23/1/2008,6.93,86.81,26.36,I
24/1/2008,5.62,85.25,26.5,I
25/1/2008,5.34,86.75,26.47,I
26/1/2008,5.77,91,26.35,I
27/1/2008,6.59,89.12,26.71,I
28/1/2008,6.81,85.44,26.7,I
29/1/2008,5.68,84.69,26.55,I
30/1/2008,5.14,84.44,26.63,I
31/1/2008,6.44,87.69,26.46,I
1/2/2008,6.85,87.31,26.62,I
2/2/2008,6.14,86.94,26.75,I
3/2/2008,6.29,87.94,26.34,I
4/2/2008,6.95,87.75,26.47,I
5/2/2008,6.87,84.31,26.71,I
6/2/2008,6.46,77.19,26.86,I
7/2/2008,6.08,83.81,26.63,I
8/2/2008,6.48,85.62,26.54,I
9/2/2008,7.52,79.19,26.48,I
10/2/2008,7.1,79.31,26.48,I
11/2/2008,6.77,80.75,26.15,I
12/2/2008,6.06,79.94,26.14,I
13/2/2008,7.49,80.12,26.67,I
14/2/2008,7.76,81.69,26.72,I
15/2/2008,8.37,80.19,26.86,I
16/2/2008,7.21,78.69,26.75,I
17/2/2008,7.19,78.69,26.57,I
18/2/2008,7.32,79.06,26.51,I
19/2/2008,8.25,80.94,26.6,I
20/2/2008,8.62,79.94,26.6,I
21/2/2008,8.2,81.5,26.31,I
22/2/2008,6.2,83.19,26.29,I
23/2/2008,4.18,84.88,26.33,I
24/2/2008,2.54,86.19,26.19,I
25/2/2008,3.98,86.44,26.4,I
26/2/2008,4.66,87.56,26.25,I
27/2/2008,5.36,86.06,26.37,I
28/2/2008,4.26,87.62,26.1,I
29/2/2008,5.58,89.56,25.98,I
1/3/2008,8.05,87.19,26.41,I
2/3/2008,7.99,85.06,26.69,I
3/3/2008,8.02,84.12,26.61,I
4/3/2008,7.59,85.38,26.52,I
5/3/2008,7.94,85.56,26.38,I
6/3/2008,5.45,85.69,26.33,I
7/3/2008,5.19,85,26.69,I
8/3/2008,6.98,87.56,26.44,I
9/3/2008,7.38,84.44,26.8,I
10/3/2008,7.94,86.44,26.55,I
11/3/2008,7.05,86.94,26.44,I
12/3/2008,6.37,88.19,26.31,I
13/3/2008,5.16,89.19,26.19,I
14/3/2008,5.73,84.56,26.85,I
15/3/2008,6.36,86.06,26.73,I
16/3/2008,5.76,84.75,26.84,I
17/3/2008,4.98,88.94,26.4,I
18/3/2008,4.31,84.44,26.83,I
19/3/2008,3.67,84.81,26.69,I
20/3/2008,1.66,83.88,26.5,I
21/3/2008,3,83.5,27.01,I
22/3/2008,2.84,84.94,26.7,I
23/3/2008,2.44,86.25,26.51,I
24/3/2008,4.59,85.31,27.44,I
25/3/2008,4.92,83.56,27.49,I
26/3/2008,2.78,85,27,I
27/3/2008,3.7,84.38,27.22,I
28/3/2008,4.14,83.75,27.63,I
29/3/2008,4.01,82.25,28,I
30/3/2008,3.33,80.25,28.01,I
31/3/2008,1.35,79.38,27.72,I
1/4/2008,2.24,78.94,27.77,I
2/4/2008,2.26,77,27.73,I
3/4/2008,3.98,83.06,27.58,I
4/4/2008,2.7,79.94,27.39,I
5/4/2008,2.71,82.88,27.48,I
6/4/2008,3.28,81.12,27.94,I
7/4/2008,2.16,81.38,27.84,I
8/4/2008,2.49,82.38,27.87,I
9/4/2008,1.24,78.75,27.97,I
10/4/2008,2.15,76.88,28.44,I
11/4/2008,1.73,77.75,27.94,I
12/4/2008,1.8,77.38,28.18,I
13/4/2008,1.34,78.75,27.92,I
14/4/2008,2.88,76.62,28.44,I
15/4/2008,2.23,78.69,28.15,I
16/4/2008,1.22,75.62,28.39,I
17/4/2008,1.98,77.75,28.39,I
18/4/2008,2.95,82.25,28.23,I
19/4/2008,2.98,81.31,28.18,I
20/4/2008,2.16,81.69,28.08,I
21/4/2008,2.41,79.06,28.43,I
22/4/2008,3.32,80.75,28.4,I
23/4/2008,4.04,82.5,28.19,I
24/4/2008,4.74,85.62,27.91,I
25/4/2008,2.36,83.12,27.48,I
26/4/2008,2.45,83.69,28.05,I
27/4/2008,3.53,83.62,28.52,I
28/4/2008,3.88,81.25,29.01,I
29/4/2008,2.91,77,29.09,I
30/4/2008,3.01,79.5,28.9,I
1/5/2008,3.34,81,28.62,I
2/5/2008,3.73,81.56,28.53,I
3/5/2008,4.67,80.56,28.98,I
4/5/2008,3.3,80.12,28.6,I
5/5/2008,2.97,82.31,28.46,I
6/5/2008,3.01,81.56,28.55,I
7/5/2008,3.83,83.62,28.42,I
8/5/2008,3.48,79.62,28.87,I
9/5/2008,4.27,82,28.71,I
10/5/2008,5.27,83.56,28.44,I
11/5/2008,5.47,82.19,28.5,I
12/5/2008,6.19,80.06,29.16,I
13/5/2008,5.92,77.5,29.45,I
14/5/2008,4.77,76.75,29.15,I
15/5/2008,5.21,76.56,29.3,I
16/5/2008,5.46,77.44,29.28,I
17/5/2008,6.02,80.06,28.94,I
18/5/2008,6.68,80.69,28.94,I
19/5/2008,6,79.94,29.02,I
20/5/2008,4.91,81,28.91,I
21/5/2008,4.18,81.06,28.8,I
22/5/2008,4.02,81.06,28.65,I
23/5/2008,3.13,80.69,28.62,I
24/5/2008,2.66,80.62,28.2,I
25/5/2008,2.92,81.81,28.17,I
26/5/2008,3.04,80.56,28.41,I
27/5/2008,3.98,81.94,28.24,I
28/5/2008,4.71,83.5,28.25,I
29/5/2008,3.29,79.25,28.62,I
30/5/2008,3.39,82.31,28.11,I
31/5/2008,3.01,82.31,27.9,I
1/6/2008,3.13,79.75,28.22,I
2/6/2008,3.34,78.94,28.51,I
3/6/2008,3.04,82,27.84,I
4/6/2008,1.59,75.56,28.01,I
5/6/2008,1.72,75.88,28.45,I
6/6/2008,3.66,78.88,28.5,I
7/6/2008,3.49,85.06,27.87,I
8/6/2008,3.73,85.56,27.28,I
9/6/2008,2.91,79.44,27.9,I
10/6/2008,5.08,83.19,28.39,I
11/6/2008,5.12,85.06,28.15,I
12/6/2008,5.34,83.19,28.44,I
13/6/2008,3.39,82.69,28.44,I
14/6/2008,3.36,83.5,28.25,I
15/6/2008,3.79,82,28.5,I
16/6/2008,4.37,82.19,28.35,I
17/6/2008,3.09,82.75,28.33,I
18/6/2008,2.62,81.38,28.08,I
19/6/2008,3.08,80.19,28.27,I
20/6/2008,4.06,82.88,28.17,I
21/6/2008,5.62,81.25,28.74,I
22/6/2008,5.6,83,28.37,I
23/6/2008,5.34,77.62,28.7,I
24/6/2008,5.37,81.25,28.29,I
25/6/2008,5.05,81,28.63,I
26/6/2008,3.81,79,28.73,I
27/6/2008,2.76,76.62,28.55,I
28/6/2008,4.31,81.56,28.68,I
29/6/2008,2.87,84.56,28.14,I
30/6/2008,3.34,80.12,28.04,I
1/7/2008,4.46,81.69,27.96,I
2/7/2008,4.41,81.81,28.21,I
3/7/2008,4.81,75.94,28.83,I
4/7/2008,4.2,79.12,28.13,I
5/7/2008,5.31,82.88,28.3,I
6/7/2008,5.91,82.12,28.53,I
7/7/2008,5.7,84.38,28.3,I
8/7/2008,5.48,85.62,28.01,I
9/7/2008,3.38,84.06,27.51,I
10/7/2008,3.18,80.19,27.88,I
11/7/2008,3.42,80.38,27.65,I
12/7/2008,4.11,81.88,27.87,I
13/7/2008,4.84,82.75,28.33,I
14/7/2008,4.12,83.94,28.07,I
15/7/2008,5.17,86,27.42,I
16/7/2008,5.59,83.69,27.69,I
17/7/2008,5.8,82.44,28.3,I
18/7/2008,5.4,84,27.94,I
19/7/2008,4.46,86.88,27.21,I
20/7/2008,2.68,82.56,27.37,I
21/7/2008,2.83,82.94,27.4,I
22/7/2008,4.37,85.12,27.31,I
23/7/2008,4.01,84.31,26.9,I
24/7/2008,4.21,83.31,27.3,I
25/7/2008,2.77,83.38,26.82,I
26/7/2008,4.49,84.25,27.08,I
27/7/2008,3.52,79.06,27.24,I
28/7/2008,3.14,78.12,27.94,I
29/7/2008,4.18,80.56,28.03,I
30/7/2008,5.56,80.75,28.39,I
31/7/2008,5.47,81.19,28.43,I
1/8/2008,5.3,82.5,28.42,I
2/8/2008,5.42,81.25,28.36,I
3/8/2008,5.93,82.19,28.19,I
4/8/2008,5.84,80.88,28.23,I
5/8/2008,6.23,79.69,28.19,I
6/8/2008,6.38,81.25,28.3,I
7/8/2008,4.96,85.12,27.82,I
8/8/2008,5.68,84.19,27.35,I
9/8/2008,4.01,82.69,27.55,I
10/8/2008,3.44,83.94,27.43,I
11/8/2008,4.98,84.31,27.84,I
12/8/2008,4.56,82,27.75,I
13/8/2008,2.62,77.81,27.94,I
14/8/2008,3.41,81.56,27.97,I
15/8/2008,3.81,85.5,27.76,I
16/8/2008,4.72,82.25,28.13,I
17/8/2008,3.99,80.69,28.08,I
18/8/2008,4.56,83.75,28.03,I
19/8/2008,3.87,83.38,27.49,I
20/8/2008,4.23,83.38,27.94,I
21/8/2008,4.69,83.06,28.12,I
22/8/2008,4.94,85.38,27.72,I
23/8/2008,4.46,85.81,27.15,I
24/8/2008,4.62,85,27.26,I
25/8/2008,2.98,82.56,27.38,I
26/8/2008,1.09,76,27.66,I
27/8/2008,2.62,78.62,27.86,I
28/8/2008,3.33,82.94,27.68,I
29/8/2008,3.29,81.19,27.71,I
30/8/2008,2.09,78.88,27.76,I
31/8/2008,2.34,80,27.69,I
1/9/2008,2.59,82.06,27.3,I
2/9/2008,3,83.19,27.33,I
3/9/2008,2.33,82.06,27.21,I
4/9/2008,1.88,80.12,27.4,I
5/9/2008,3.8,83.38,27.42,I
6/9/2008,4.38,84.62,27.11,I
7/9/2008,5.22,81.75,27.38,I
8/9/2008,3.49,84.31,27.3,I
9/9/2008,5.66,82.19,28.03,I
10/9/2008,6.73,82.81,28.21,I
11/9/2008,6.59,83.88,28.04,I
12/9/2008,4.88,80.25,28.32,I
13/9/2008,3.3,81.19,27.91,I
14/9/2008,1.35,82.44,27.31,I
15/9/2008,4.28,76.56,28.06,I
16/9/2008,3.36,79.06,27.83,I
17/9/2008,3.95,75,28.57,I
18/9/2008,6.14,79.5,28.8,I
19/9/2008,6.04,80.31,28.86,I
20/9/2008,4.23,78.56,28.82,I
21/9/2008,3.45,82.88,28.17,I
22/9/2008,3.76,84.5,27.37,I
23/9/2008,5.35,80.31,28.43,I
24/9/2008,6.54,82.5,28.51,I
25/9/2008,3.86,81.62,28.41,I
26/9/2008,5.43,80.25,28.51,I
27/9/2008,6.11,79.56,28.73,I
28/9/2008,6.55,81.5,28.76,I
29/9/2008,4.45,82.44,28.26,I
30/9/2008,5.26,82.62,28.33,I
1/10/2008,5.64,83.12,27.44,I
2/10/2008,4,79.88,28.29,I
3/10/2008,2.67,78.94,28.12,I
4/10/2008,1.95,74.56,28.19,I
5/10/2008,3.07,77.75,28.31,I
6/10/2008,2.29,81.44,27.79,I
7/10/2008,1.82,80.31,27.56,I
8/10/2008,2.27,82.44,27.26,I
9/10/2008,1.55,79.25,27.56,I
10/10/2008,1.15,73.19,28.3,I
11/10/2008,0.89,72.62,28.65,I
12/10/2008,1.98,77,28.36,I
13/10/2008,2.62,77.56,28.5,I
14/10/2008,2.77,80.06,28.52,I
15/10/2008,2,78.81,28.47,I
16/10/2008,1.17,79.88,27.86,I
17/10/2008,2.13,76.5,28.62,I
18/10/2008,1.48,80.12,28.37,I
19/10/2008,2.14,78.94,28.64,I
20/10/2008,1.8,77.81,28.59,I
21/10/2008,0.91,75.88,28.51,I
22/10/2008,3.11,82.19,28.21,I
23/10/2008,5.02,86.31,27.79,I
24/10/2008,5.87,83.19,27.68,I
25/10/2008,3.88,84.38,27.55,I
26/10/2008,3.07,77.38,28.08,I
27/10/2008,2.35,80.25,27.63,I
28/10/2008,1.73,80.25,27.33,I
29/10/2008,1.48,79.31,27.87,I
30/10/2008,4.38,81.31,28.53,I
31/10/2008,3.47,76.75,28.79,I
1/11/2008,2.45,80.88,28.23,I
2/11/2008,1.19,78.12,28.13,I
3/11/2008,2.17,76.81,28.52,I
4/11/2008,2.68,79.38,28.44,I
5/11/2008,2.84,79.25,28.43,I
6/11/2008,1.91,79.19,28.26,I
7/11/2008,1.48,79.12,28.04,I
8/11/2008,1.25,76.81,28.35,I
9/11/2008,3.94,80.88,28.52,I
10/11/2008,2.36,80.94,28.27,I
11/11/2008,2.97,83.12,27.62,I
12/11/2008,5.32,83.06,28.15,I
13/11/2008,5.91,79.69,28.52,I
14/11/2008,4.48,79.5,28.43,I
15/11/2008,3.91,80.25,28.37,I
16/11/2008,2.98,82.31,28.1,I
17/11/2008,3.34,80.25,28.44,I
18/11/2008,2.29,79.5,28.29,I
19/11/2008,4.24,85.94,27.84,I
20/11/2008,3.62,86.69,27.12,I
21/11/2008,5.49,88.5,27.39,I
22/11/2008,5.11,85.31,27.74,I
23/11/2008,3.8,84.56,27.86,I
24/11/2008,2.52,82.5,27.76,I
25/11/2008,3.39,85.88,27.34,I
26/11/2008,3.21,85.12,27.47,I
27/11/2008,4.62,87.44,27.23,I
28/11/2008,5.74,84.56,27.76,I
29/11/2008,5.01,83.5,28.12,I
30/11/2008,2.77,88.69,27.33,I
1/12/2008,6.3,86.75,27.75,I
2/12/2008,6.33,84.75,27.54,I
3/12/2008,6.94,84.12,27.74,I
4/12/2008,6.9,84.44,27.55,I
5/12/2008,5.77,82.94,27.76,I
6/12/2008,8.93,87.94,27.71,I
7/12/2008,7.84,88.38,27.69,I
8/12/2008,11.41,84.5,27.68,I
9/12/2008,8.57,80.75,27.58,I
10/12/2008,8.09,81,27.38,I
11/12/2008,7.05,83.94,27.3,I
12/12/2008,6.71,86,27.01,I
13/12/2008,6.81,89.25,27.03,I
14/12/2008,7.21,85.69,27.09,I
15/12/2008,6.59,89,26.78,I
16/12/2008,8.11,82.12,27.31,I
17/12/2008,8.42,81.38,27.16,I
18/12/2008,8.59,82.81,26.96,I
19/12/2008,8.19,82.25,26.69,I
20/12/2008,8.25,80.94,26.74,I
21/12/2008,8.07,83.94,26.9,I
22/12/2008,8.42,84.75,27.12,I
23/12/2008,8.32,84.94,27.15,I
24/12/2008,8.7,87.06,26.98,I
25/12/2008,7.47,86.25,26.71,I
26/12/2008,3.88,87.31,25.86,I
27/12/2008,3.88,84.88,26.57,I
28/12/2008,3.7,85.94,26.72,I
29/12/2008,4.3,83.25,26.65,I
30/12/2008,2.99,84.25,26.64,I
31/12/2008,3.84,86.44,26.54,I
1/1/2009,4.98,87.69,26.54,J
2/1/2009,6.45,85,27.1,J
3/1/2009,10.5,88.25,26.76,J
4/1/2009,8.27,84.94,26.73,J
5/1/2009,7.7,84.94,26.8,J
6/1/2009,7.57,84.38,26.81,J
7/1/2009,8.38,86.06,26.69,J
8/1/2009,9.33,83.06,26.67,J
9/1/2009,9.6,80.38,26.36,J
10/1/2009,9.41,78.75,26.08,J
11/1/2009,8.98,79.81,26.11,J
12/1/2009,9.13,81.44,26.15,J
13/1/2009,10.54,81.31,26.17,J
14/1/2009,10.32,80.5,26.01,J
15/1/2009,9.88,81.5,25.87,J
16/1/2009,9.67,81,25.95,J
17/1/2009,9.02,81.5,25.94,J
18/1/2009,7.52,80.94,25.73,J
19/1/2009,7.15,79.06,25.89,J
20/1/2009,6.39,79.88,25.94,J
21/1/2009,6.12,81.69,26.05,J
22/1/2009,6.4,83.44,26.05,J
23/1/2009,6.52,86.44,26.1,J
24/1/2009,7.19,89,26.15,J
25/1/2009,8.6,87.94,26.19,J
26/1/2009,7.98,84.81,26.12,J
27/1/2009,7,85.44,25.94,J
28/1/2009,6.94,82.44,25.63,J
29/1/2009,6.51,84.12,25.53,J
30/1/2009,6.1,84,25.72,J
31/1/2009,6.66,83.19,26.01,J
1/2/2009,7.09,81.94,26.05,J
2/2/2009,6.77,82.25,26.11,J
3/2/2009,6.75,84.44,26.01,J
4/2/2009,6.41,86.38,25.98,J
5/2/2009,6.27,83.94,25.94,J
6/2/2009,6.34,82,25.87,J
7/2/2009,6.15,83.62,25.8,J
8/2/2009,6.66,82.94,26,J
9/2/2009,6.35,82,26.27,J
10/2/2009,5.6,89,25.76,J
11/2/2009,4.79,87.19,25.98,J
12/2/2009,2.92,87.06,26.02,J
13/2/2009,1.4,86.44,26.1,J
14/2/2009,2.05,84.44,26.49,J
15/2/2009,2.02,84.62,26.8,J
16/2/2009,4.15,87.31,26.82,J
17/2/2009,4.96,88.81,26.33,J
18/2/2009,5.88,79.5,27.02,J
19/2/2009,5.37,80.31,27.01,J
20/2/2009,5.01,86.94,26.69,J
21/2/2009,4.3,88.38,26.52,J
22/2/2009,3.54,87.81,26.32,J
23/2/2009,3.9,88.75,26.37,J
24/2/2009,3.4,88.5,26.19,J
25/2/2009,2.5,87.62,26.15,J
26/2/2009,4.02,88,26.58,J
27/2/2009,3.37,87.25,26.69,J
28/2/2009,3.49,88.56,26.71,J
1/3/2009,4.2,87.81,26.76,J
2/3/2009,5.14,87.31,27.31,J
3/3/2009,4.72,85.19,27.23,J
4/3/2009,2.44,87.75,26.78,J
5/3/2009,1.87,86.19,26.97,J
6/3/2009,1.67,79.81,27.6,J
7/3/2009,1.48,81.06,27.48,J
8/3/2009,1.9,82.06,27.32,J
9/3/2009,3.9,86.88,27.08,J
10/3/2009,2.26,81.38,27.01,J
11/3/2009,2.62,81.5,27.14,J
12/3/2009,3.01,84.12,27.26,J
13/3/2009,2.74,84.81,27.1,J
14/3/2009,5.98,81,27.01,J
15/3/2009,6.57,82.81,27.43,J
16/3/2009,4.01,84.94,26.93,J
17/3/2009,1.75,82.19,26.56,J
18/3/2009,1.34,78.69,27.34,J
19/3/2009,1.95,84.19,27.26,J
20/3/2009,2.66,83.88,27.45,J
21/3/2009,1.65,82.69,27.29,J
22/3/2009,2.02,82.06,26.85,J
23/3/2009,2.55,74.06,28.25,J
24/3/2009,2.14,79.62,27.64,J
25/3/2009,1.62,79.62,27.31,J
26/3/2009,2.66,78.5,28.01,J
27/3/2009,2.56,77.69,28.23,J
28/3/2009,2.27,78.62,28.12,J
29/3/2009,3.49,83,27.98,J
30/3/2009,4.99,83.44,28.15,J
31/3/2009,3.01,78.06,28.08,J
1/4/2009,3.52,80,28.25,J
2/4/2009,3.19,82.25,28.04,J
3/4/2009,3.66,84.06,28.26,J
4/4/2009,4.41,82.31,28.33,J
5/4/2009,3.05,82.25,28.02,J
6/4/2009,1.56,82.12,27.53,J
7/4/2009,1.39,81.44,27.34,J
8/4/2009,3.73,81.06,28.07,J
9/4/2009,4.78,83.06,28.45,J
10/4/2009,2.92,84.56,28.05,J
11/4/2009,2.48,84.31,27.92,J
12/4/2009,1.68,84.62,27.54,J
13/4/2009,2.26,81.19,27.73,J
14/4/2009,3.2,81.38,28.44,J
15/4/2009,4.09,83.81,28.48,J
16/4/2009,5.67,85.94,28.3,J
17/4/2009,4.06,82.19,28.79,J
18/4/2009,3.48,81.88,28.85,J
19/4/2009,3.75,86.44,28.53,J
20/4/2009,3.45,84.31,28.68,J
21/4/2009,4.8,81.62,28.9,J
22/4/2009,3.27,75.19,29.47,J
23/4/2009,2.97,78.88,29.42,J
24/4/2009,3.88,80.81,29.19,J
25/4/2009,5.27,79.75,29.41,J
26/4/2009,4.89,83.12,29.11,J
27/4/2009,3.71,81.44,28.81,J
28/4/2009,4.17,81.88,28.85,J
29/4/2009,3.91,82.75,28.85,J
30/4/2009,3.87,80.31,28.96,J
1/5/2009,3.98,78.88,29.15,J
2/5/2009,4.02,82.19,28.95,J
3/5/2009,5.32,79.94,28.84,J
4/5/2009,5.64,80.25,28.87,J
5/5/2009,6.16,80.44,29.15,J
6/5/2009,6.27,83.81,28.85,J
7/5/2009,4.77,81,29.06,J
8/5/2009,3.45,82.62,29.01,J
9/5/2009,3.07,83.06,28.71,J
10/5/2009,3.85,83.06,28.57,J
11/5/2009,2.77,83.44,28.26,J
12/5/2009,3.17,81.12,28.58,J
13/5/2009,3.86,79.38,29.15,J
14/5/2009,1.37,77.88,28.63,J
15/5/2009,1.48,75.94,28.69,J
16/5/2009,1.52,77.44,28.73,J
17/5/2009,2.16,78,28.69,J
18/5/2009,1.13,76.44,28.3,J
19/5/2009,2.18,75.94,28.81,J
20/5/2009,3.27,81.94,28.91,J
21/5/2009,3.05,82.81,28.83,J
22/5/2009,2.89,80.12,28.8,J
23/5/2009,2.67,80.88,28.79,J
24/5/2009,3.23,82.75,28.8,J
25/5/2009,4.22,82,29.28,J
26/5/2009,2.67,81.31,28.9,J
27/5/2009,3.12,81,28.51,J
28/5/2009,4.01,84.69,28.79,J
29/5/2009,4.35,84.56,28.96,J
30/5/2009,3.25,82.12,28.86,J
31/5/2009,2.33,81.5,28.58,J
1/6/2009,2.05,76.38,28.86,J
2/6/2009,3.91,76.69,29.57,J
3/6/2009,5.84,82.62,29.16,J
4/6/2009,7.88,80.88,28.76,J
5/6/2009,5.76,81.19,29.14,J
6/6/2009,3.99,81.06,29.09,J
7/6/2009,2.24,80.31,28.55,J
8/6/2009,3.53,81,28.83,J
9/6/2009,5.02,81.62,29.23,J
10/6/2009,4.24,79.44,29.45,J
11/6/2009,3.95,80.62,29.44,J
12/6/2009,2.85,80.88,28.88,J
13/6/2009,2.08,78.38,28.58,J
14/6/2009,3.7,83.44,28.51,J
15/6/2009,4.71,80,29.18,J
16/6/2009,5.95,78.69,29.34,J
17/6/2009,5.75,81.62,28.87,J
18/6/2009,5.48,82,29.19,J
19/6/2009,3.81,81.5,29.04,J
20/6/2009,3.93,81.38,29,J
21/6/2009,3.07,84.19,28.67,J
22/6/2009,4,84.69,28.59,J
23/6/2009,2.72,80.44,28.48,J
24/6/2009,3.07,82.25,27.78,J
25/6/2009,3.85,71.69,29.16,J
26/6/2009,3.33,78.38,29.03,J
27/6/2009,3.9,84.44,28.46,J
28/6/2009,3.58,83.75,28.5,J
29/6/2009,3.74,80.25,28.46,J
30/6/2009,2.05,75.12,28.48,J
1/7/2009,2.22,77.25,28.74,J
2/7/2009,2.69,81.38,28.15,J
3/7/2009,4.47,83.56,28.22,J
4/7/2009,6.07,81.69,28.78,J
5/7/2009,5.59,80.88,28.23,J
6/7/2009,4.5,79.88,28.4,J
7/7/2009,3.23,82,27.95,J
8/7/2009,2.16,78.5,28.17,J
9/7/2009,2.63,80.81,28.3,J
10/7/2009,4.01,83.12,28.43,J
11/7/2009,6.85,84.19,28.44,J
12/7/2009,7.99,82.62,28.24,J
13/7/2009,7.42,75.12,29.21,J
14/7/2009,6.02,78.12,28.97,J
15/7/2009,6.37,83.69,28.01,J
16/7/2009,6.35,82,28.66,J
17/7/2009,6.82,83.88,28.9,J
18/7/2009,5.24,84.62,28.62,J
19/7/2009,4.66,83.56,28.29,J
20/7/2009,5.42,83.19,28.8,J
21/7/2009,5.21,84.44,28.8,J
22/7/2009,4.49,84.88,27.94,J
23/7/2009,3.91,81,28.3,J
24/7/2009,4.36,86.75,27.79,J
25/7/2009,5.25,83.25,28.21,J
26/7/2009,5.09,84.81,28.11,J
27/7/2009,5.51,83.38,28.18,J
28/7/2009,4.97,85.12,28.03,J
29/7/2009,6.88,77.88,28.8,J
30/7/2009,7.12,75.56,28.65,J
31/7/2009,6.79,74.75,28.62,J
1/8/2009,6.47,77.5,28.33,J
2/8/2009,6.84,77.88,28.71,J
3/8/2009,7.16,78.12,28.65,J
4/8/2009,6.35,78.62,28.65,J
5/8/2009,6.41,80.94,28.52,J
6/8/2009,5.81,80.06,28.74,J
7/8/2009,5.88,82.81,28.65,J
8/8/2009,5.38,84.12,28.4,J
9/8/2009,5.04,85.69,28.38,J
10/8/2009,4.92,86.69,27.7,J
11/8/2009,4.34,83.44,28.3,J
12/8/2009,3.87,81.75,28.66,J
13/8/2009,4.12,83.56,28.56,J
14/8/2009,2.75,85.56,28.15,J
15/8/2009,1.61,79.44,28.11,J
16/8/2009,1.36,79.88,27.8,J
17/8/2009,2,77.25,28.03,J
18/8/2009,2.26,78.62,28.23,J
19/8/2009,3.46,79.06,28.27,J
20/8/2009,3.26,77.44,28.3,J
21/8/2009,3.88,80.88,28,J
22/8/2009,5.05,77.56,28.72,J
23/8/2009,4.51,80.94,28.33,J
24/8/2009,4.88,83.88,28.05,J
25/8/2009,4.01,80.75,27.87,J
26/8/2009,2.31,80,27.59,J
27/8/2009,5.58,84.56,27.72,J
28/8/2009,7.29,81.56,27.75,J
29/8/2009,5.84,80.81,28.45,J
30/8/2009,4.82,84.81,28.32,J
31/8/2009,4.36,84.12,28.12,J
1/9/2009,2.55,81.94,27.34,J
2/9/2009,1.58,78.31,27.49,J
3/9/2009,2.8,79.62,28.14,J
4/9/2009,4.05,80,28.54,J
5/9/2009,5.95,82.19,28.74,J
6/9/2009,5.35,84.38,27.93,J
7/9/2009,4.63,83,28.18,J
8/9/2009,4.17,81.06,28.53,J
9/9/2009,5.05,81.75,28.59,J
10/9/2009,5.77,83.31,28.8,J
11/9/2009,5.93,83.12,28.7,J
12/9/2009,5.62,82,28.78,J
13/9/2009,5.57,83.38,28.77,J
14/9/2009,3.7,83,28.56,J
15/9/2009,3.88,84.12,28.3,J
16/9/2009,3.44,85,27.99,J
17/9/2009,3.2,80.44,27.95,J
18/9/2009,2.16,80.88,27.35,J
19/9/2009,2.3,82.38,27.15,J
20/9/2009,3.45,81.44,27.76,J
21/9/2009,3.62,77.75,28.79,J
22/9/2009,2.92,79.94,27.81,J
23/9/2009,3.61,79.06,28.58,J
24/9/2009,5.78,82.56,28.68,J
25/9/2009,6.22,81.25,28.96,J
26/9/2009,5.42,81,28.9,J
27/9/2009,4.59,78.44,29.09,J
28/9/2009,4.27,81.81,28.47,J
29/9/2009,5.03,80.62,28.85,J
30/9/2009,4.11,81.62,28.55,J
1/10/2009,4.32,83.56,28.28,J
2/10/2009,3.23,82.75,28.15,J
3/10/2009,1.81,81.62,27.74,J
4/10/2009,2.62,83.75,27.34,J
5/10/2009,3.31,82.5,27.61,J
6/10/2009,4.41,79.19,28.13,J
7/10/2009,3.93,77.25,28.62,J
8/10/2009,5.58,82.69,28.51,J
9/10/2009,4.4,79.62,28.87,J
10/10/2009,4.29,84.31,28.33,J
11/10/2009,4.23,82.19,28.55,J
12/10/2009,3.55,81.5,28.41,J
13/10/2009,3.05,81.12,27.74,J
14/10/2009,2,82.25,27.24,J
15/10/2009,1.95,78.94,27.53,J
16/10/2009,1.82,80.06,27.74,J
17/10/2009,2.42,78.75,28.18,J
18/10/2009,3.88,74,29.19,J
19/10/2009,2.65,75.44,28.92,J
20/10/2009,3.45,78.81,28.71,J
21/10/2009,2.06,78.44,28.37,J
22/10/2009,3.25,82.25,28.19,J
23/10/2009,1.34,74.38,28.2,J
24/10/2009,1.4,72.25,28.62,J
25/10/2009,1.6,73.81,28.68,J
26/10/2009,1.52,74.75,28.5,J
27/10/2009,2.2,77.62,28.39,J
28/10/2009,2.63,80.38,28.21,J
29/10/2009,5.45,85.75,27.94,J
30/10/2009,4.13,84.12,27.69,J
31/10/2009,3.97,85,27.35,J
1/11/2009,3.42,82.44,27.8,J
2/11/2009,1.62,78.69,27.83,J
3/11/2009,3.47,81.44,28.15,J
4/11/2009,7.18,81.06,29.18,J
5/11/2009,6.48,80.69,29.21,J
6/11/2009,4.34,84.81,28.21,J
7/11/2009,2.67,84.44,27.88,J
8/11/2009,3.02,83.81,28.21,J
9/11/2009,1.84,85,27.08,J
10/11/2009,1.11,80.12,27.35,J
11/11/2009,1.36,77.38,27.98,J
12/11/2009,2.95,78.38,28.5,J
13/11/2009,1.77,82,27.15,J
14/11/2009,2.19,82.38,26.98,J
15/11/2009,3.07,80.94,27.23,J
16/11/2009,4.25,78.38,27.84,J
17/11/2009,7.04,83.44,27.71,J
18/11/2009,4.7,80.94,27.94,J
19/11/2009,6.98,82,27.84,J
20/11/2009,6.15,83.56,28.13,J
21/11/2009,5.23,85.81,27.33,J
22/11/2009,9.88,85.38,27.81,J
23/11/2009,9.68,88.19,27.84,J
24/11/2009,8.12,86.81,27.43,J
25/11/2009,6.04,82.75,27.68,J
26/11/2009,4.51,80.38,27.93,J
27/11/2009,6.16,81,28.23,J
28/11/2009,6.45,87.94,27.37,J
29/11/2009,7.79,83.75,27.61,J
30/11/2009,8.46,85.56,27.72,J
1/12/2009,5.95,86.12,27.15,J
2/12/2009,6.23,87.44,27.19,J
3/12/2009,6.46,85.81,27.48,J
4/12/2009,7.77,80.81,27.88,J
5/12/2009,7.66,81.44,27.64,J
6/12/2009,6.55,80.44,27.43,J
7/12/2009,5.9,81.94,27.33,J
8/12/2009,6.57,83.5,27.42,J
9/12/2009,6.8,83.62,27.29,J
10/12/2009,6.93,82.25,27.04,J
11/12/2009,6.5,79.06,26.97,J
12/12/2009,6.69,82.5,27.03,J
13/12/2009,5.65,86.44,27.08,J
14/12/2009,6.24,88.19,27.1,J
15/12/2009,4.69,89.25,26.69,J
16/12/2009,5.2,86.88,26.8,J
17/12/2009,5.09,85.38,27.23,J
18/12/2009,5.05,89.38,26.59,J
19/12/2009,5.59,87.06,26.31,J
20/12/2009,8.65,86.44,26.83,J
21/12/2009,8.84,83.25,27.16,J
22/12/2009,9.13,84.81,27.31,J
23/12/2009,8.3,86.88,27.17,J
24/12/2009,7.24,86.31,27.02,J
25/12/2009,5.16,88.19,26.76,J
26/12/2009,5.66,88.12,26.91,J
27/12/2009,5.67,87.31,26.92,J
28/12/2009,5.66,89.56,26.5,J
29/12/2009,6.27,88.56,26.64,J
30/12/2009,5.77,85.62,26.9,J
31/12/2009,6.02,85.31,26.76,J
1/1/2010,6.23,88.81,26.62,K
2/1/2010,5.25,86.94,27.34,K
3/1/2010,4.81,86.75,27.39,K
4/1/2010,3.34,85.88,27.05,K
5/1/2010,2.61,84.5,26.4,K
6/1/2010,3.17,86.25,26.98,K
7/1/2010,3.52,85.81,26.51,K
8/1/2010,5.42,85.31,26.99,K
9/1/2010,6.89,78.69,27.08,K
10/1/2010,5.23,76.88,27.06,K
11/1/2010,4.77,82,26.87,K
12/1/2010,5.74,82.31,27.06,K
13/1/2010,7.88,79.25,27.42,K
14/1/2010,8.73,76.56,27.29,K
15/1/2010,7.64,76.62,27.07,K
16/1/2010,7.05,79.38,27.11,K
17/1/2010,8.2,83.81,26.94,K
18/1/2010,8.88,85,26.69,K
19/1/2010,5.12,83.75,26.7,K
20/1/2010,2.72,79.75,26.28,K
21/1/2010,3.73,85.69,26.81,K
22/1/2010,3.23,84.88,27.06,K
23/1/2010,5.84,83.38,27.3,K
24/1/2010,6.13,81.12,27.21,K
25/1/2010,6.15,84.56,26.99,K
26/1/2010,6.52,87.44,26.88,K
27/1/2010,7.73,83.19,27.21,K
28/1/2010,6.25,83.19,27.01,K
29/1/2010,6.8,85.88,26.85,K
30/1/2010,6.05,82.81,27.09,K
31/1/2010,6.09,80.19,27.22,K
1/2/2010,4.77,81.31,26.64,K
2/2/2010,3.89,85.5,26.64,K
3/2/2010,3.62,84.75,26.89,K
4/2/2010,5.5,81.94,27.37,K
5/2/2010,5.12,81.12,27.41,K
6/2/2010,5.02,86.56,26.93,K
7/2/2010,5.21,82.69,27.23,K
8/2/2010,5.24,86.06,27.27,K
9/2/2010,6.09,85.5,27.41,K
10/2/2010,5.55,83.06,27.55,K
11/2/2010,5.56,80.19,27.39,K
12/2/2010,6.01,81.69,27.5,K
13/2/2010,6.7,82.69,27.51,K
14/2/2010,6.23,79.12,27.67,K
15/2/2010,6.12,78.06,27.48,K
16/2/2010,6.03,83.5,27.44,K
17/2/2010,6.16,85.19,27.62,K
18/2/2010,7.92,79.19,27.73,K
19/2/2010,5.95,78,27.69,K
20/2/2010,5.91,83.69,27.33,K
21/2/2010,5.1,78.88,27.72,K
22/2/2010,4.36,79.06,27.61,K
23/2/2010,2.73,78.5,27.36,K
24/2/2010,3.27,77,27.76,K
25/2/2010,3.7,78.81,27.87,K
26/2/2010,3.34,77.44,27.69,K
27/2/2010,2.54,76.25,27.42,K
28/2/2010,3.34,80.69,27.6,K
1/3/2010,3.3,81.44,27.98,K
2/3/2010,4.33,81.06,28.05,K
3/3/2010,2.68,79.31,27.06,K
4/3/2010,3.17,78.38,27.27,K
5/3/2010,4.08,81.19,27.46,K
6/3/2010,3.77,79.75,27.34,K
7/3/2010,3.03,77.69,27.32,K
8/3/2010,3.83,76.81,28.01,K
9/3/2010,3.77,79.12,28.66,K
10/3/2010,7.66,74.94,28.48,K
11/3/2010,6.1,76.44,28.48,K
12/3/2010,6.16,80.38,28.38,K
13/3/2010,5.23,82.81,28.12,K
14/3/2010,4.63,83.38,27.99,K
15/3/2010,5.62,83,28.12,K
16/3/2010,6.07,75.62,28.16,K
17/3/2010,6.66,76.31,28.54,K
18/3/2010,7.41,79.38,28.43,K
19/3/2010,7.22,82.31,28.2,K
20/3/2010,5.48,84.75,27.71,K
21/3/2010,3.41,83.94,27.41,K
22/3/2010,4.31,84,27.94,K
23/3/2010,3.26,80.44,28.33,K
24/3/2010,2.73,80.94,28.35,K
25/3/2010,3.49,84.19,28.17,K
26/3/2010,4.83,83.81,28.28,K
27/3/2010,5.84,79.69,28.49,K
28/3/2010,4.77,81.56,28.28,K
29/3/2010,4.46,78.81,28.43,K
30/3/2010,3.2,80.19,28.28,K
31/3/2010,2.74,82.88,27.92,K
1/4/2010,3.26,84,27.94,K
2/4/2010,2.42,83.06,27.95,K
3/4/2010,3.54,83.25,28.24,K
4/4/2010,1.71,82.56,27.76,K
5/4/2010,1.8,82.19,28.01,K
6/4/2010,2.23,77.38,29.08,K
7/4/2010,2.55,76.94,29.16,K
8/4/2010,2.83,80.69,28.83,K
9/4/2010,3.35,80.31,28.94,K
10/4/2010,2.77,81,28.8,K
11/4/2010,2.77,80.31,28.7,K
12/4/2010,2.51,76.06,28.93,K
13/4/2010,3.36,77.56,29.01,K
14/4/2010,3.05,79.88,28.62,K
15/4/2010,2.59,75.44,29.2,K
16/4/2010,2.98,75.62,29.33,K
17/4/2010,2.82,78.81,28.87,K
18/4/2010,3.5,82.81,28.53,K
19/4/2010,2.13,78.12,28.56,K
20/4/2010,2.41,80.44,28.57,K
21/4/2010,2.08,76.62,29.13,K
22/4/2010,2.45,79.56,29.19,K
23/4/2010,2.52,79.88,29.12,K
24/4/2010,3.02,80.19,29.05,K
25/4/2010,6.14,81.44,29.65,K
26/4/2010,3.25,81.75,28.99,K
27/4/2010,2.22,80.31,28.55,K
28/4/2010,2.52,79.06,28.87,K
29/4/2010,3.39,82.75,28.93,K
30/4/2010,3.48,74.88,29.65,K
1/5/2010,2.83,72.5,29.42,K
2/5/2010,3.14,75.31,29.5,K
3/5/2010,1.66,76.12,29.45,K
4/5/2010,1.82,74.44,29.83,K
5/5/2010,1.77,74.25,29.82,K
6/5/2010,1.95,74.38,30.01,K
7/5/2010,1.95,72.94,30.12,K
8/5/2010,1.41,72.81,30.25,K
9/5/2010,1.51,73.81,29.83,K
10/5/2010,1.34,73.19,29.8,K
11/5/2010,1.43,77,29.62,K
12/5/2010,1.39,75.5,29.61,K
13/5/2010,2.3,77.31,29.76,K
14/5/2010,2.14,76.5,29.88,K
15/5/2010,2.73,78.31,29.85,K
16/5/2010,3.35,78.31,30.12,K
17/5/2010,4.11,80.69,29.51,K
18/5/2010,3.2,82.06,29.66,K
19/5/2010,3.12,84.38,28.49,K
20/5/2010,2.49,80.25,28.93,K
21/5/2010,3.46,81.81,29.26,K
22/5/2010,3.91,81,29.57,K
23/5/2010,3.44,79.25,29.38,K
24/5/2010,3.27,80.81,29.51,K
25/5/2010,4.2,82.75,29.65,K
26/5/2010,4.12,81.25,29.86,K
27/5/2010,3.74,81.19,29.05,K
28/5/2010,2.84,81.81,29.05,K
29/5/2010,2.24,83.44,28.94,K
30/5/2010,2.41,81.75,28.9,K
31/5/2010,2.08,77.5,29.23,K
1/6/2010,2.9,79.06,29.4,K
2/6/2010,4.98,81.19,29.72,K
3/6/2010,4.62,77,30.11,K
4/6/2010,3.16,78.5,29.86,K
5/6/2010,4.01,79.5,29.68,K
6/6/2010,3.57,80.06,29.57,K
7/6/2010,1.93,83.12,28.35,K
8/6/2010,2.83,78.44,28.43,K
9/6/2010,1.01,74.31,28.38,K
10/6/2010,1.91,74.56,28.63,K
11/6/2010,1.36,74.75,28.88,K
12/6/2010,1.78,75.25,29.29,K
13/6/2010,3.01,78.75,29.26,K
14/6/2010,3.99,79.69,29.65,K
15/6/2010,3.57,79.62,28.97,K
16/6/2010,4.39,76.31,28.69,K
17/6/2010,5.28,72.62,29.55,K
18/6/2010,4.26,76.94,29.12,K
19/6/2010,2.59,75.88,29.1,K
20/6/2010,3.62,80.19,28.85,K
21/6/2010,5.46,82.62,29.36,K
22/6/2010,4.99,83.69,29,K
23/6/2010,3.69,82.75,27.99,K
24/6/2010,4.12,78.81,28.54,K
25/6/2010,4.17,78.81,28.26,K
26/6/2010,4.71,79.62,29.09,K
27/6/2010,3.09,81.06,28.79,K
28/6/2010,3.36,82.88,28.41,K
29/6/2010,2.84,80.94,28.55,K
30/6/2010,2.24,81.94,28.33,K
1/7/2010,1.92,81.25,28.3,K
2/7/2010,1.85,79.88,27.97,K
3/7/2010,1.49,81.25,27.24,K
4/7/2010,4.15,83.25,27.37,K
5/7/2010,3.43,73.69,28.67,K
6/7/2010,3.07,75.56,28.94,K
7/7/2010,1.3,75.88,28.83,K
8/7/2010,2.41,77.75,28.26,K
9/7/2010,2.43,73.69,28.7,K
10/7/2010,2.62,76.31,28.85,K
11/7/2010,2.52,77.75,28.92,K
12/7/2010,3.35,80.38,28.76,K
13/7/2010,3.4,80.69,28.75,K
14/7/2010,4.54,79,29.21,K
15/7/2010,3.8,80.81,29.02,K
16/7/2010,3.34,81.81,28.73,K
17/7/2010,4.95,84.75,28.19,K
18/7/2010,3.88,82.69,27.77,K
19/7/2010,2.09,79.88,27.73,K
20/7/2010,3.05,80.12,28.21,K
21/7/2010,2.3,77.38,28.36,K
22/7/2010,3.88,82.19,28.31,K
23/7/2010,4.62,83,28.23,K
24/7/2010,3.29,79.12,28.04,K
25/7/2010,1.95,81.75,27.83,K
26/7/2010,3.91,82.44,27.8,K
27/7/2010,5.05,78.56,28.76,K
28/7/2010,4.22,80.94,28.7,K
29/7/2010,3.7,80.38,28.66,K
30/7/2010,2.44,80.38,27.69,K
31/7/2010,2.83,78.56,28.15,K
1/8/2010,5.59,83.38,27.96,K
2/8/2010,4.61,73.5,28.93,K
3/8/2010,4.21,79.12,28.58,K
4/8/2010,4.02,78.81,28.55,K
5/8/2010,1.98,77.62,27.92,K
6/8/2010,3.4,77.31,28.65,K
7/8/2010,4.12,85.94,27.98,K
8/8/2010,4.71,84.06,27.9,K
9/8/2010,6.39,82.12,28.71,K
10/8/2010,4.84,81.56,28.97,K
11/8/2010,3.91,82.44,28.66,K
12/8/2010,2.49,82.06,28.62,K
13/8/2010,3.34,82.62,28.73,K
14/8/2010,1.14,79,28.21,K
15/8/2010,0.91,77.31,27.94,K
16/8/2010,0.73,74.75,28.05,K
17/8/2010,0.96,75.38,28.01,K
18/8/2010,1.28,77.5,27.86,K
19/8/2010,4.45,81.69,28.09,K
20/8/2010,5.95,86.69,27.39,K
21/8/2010,6.35,79.19,28.4,K
22/8/2010,4.19,76.25,28.71,K
23/8/2010,2.56,81.62,28.21,K
24/8/2010,5.55,82.81,28.83,K
25/8/2010,4.73,79.25,29.07,K
26/8/2010,2.8,78.38,28.76,K
27/8/2010,3.12,83,28.12,K
28/8/2010,4.78,80.69,28.68,K
29/8/2010,3.5,80.75,28.51,K
30/8/2010,3.63,81.62,28.03,K
31/8/2010,4.05,80,28.4,K
1/9/2010,5.27,78.81,29.1,K
2/9/2010,5.71,82.25,28.94,K
3/9/2010,5.52,83,28.72,K
4/9/2010,3.29,74.25,28.49,K
5/9/2010,1.6,72.88,27.77,K
6/9/2010,2.95,81.94,27.22,K
7/9/2010,1.75,71,28.26,K
8/9/2010,2.2,72.81,28.15,K
9/9/2010,4.31,78.69,28.47,K
10/9/2010,2.07,72.44,28.16,K
11/9/2010,1.7,68.19,28.87,K
12/9/2010,1.3,70.56,28.77,K
13/9/2010,2.95,77.19,28.69,K
14/9/2010,3.06,79.69,28.62,K
15/9/2010,1.88,76.19,28.37,K
16/9/2010,2.87,78.62,28.16,K
17/9/2010,3.49,79.38,27.9,K
18/9/2010,2.6,77.19,28.61,K
19/9/2010,2.44,74.94,28.98,K
20/9/2010,2.22,75.94,28.77,K
21/9/2010,1.5,74.56,28.6,K
22/9/2010,1.26,72.06,28.8,K
23/9/2010,1.52,74.5,28.56,K
24/9/2010,0.87,70.69,28.85,K
25/9/2010,0.68,69.06,28.89,K
26/9/2010,2.13,74.56,28.94,K
27/9/2010,3.68,74.62,29.05,K
28/9/2010,3.45,78.38,28.43,K
29/9/2010,2.2,71.38,28.61,K
30/9/2010,1.75,71.5,28.79,K
1/10/2010,3.95,77.75,29,K
2/10/2010,5.51,80.81,29.3,K
3/10/2010,5.66,82.31,28.73,K
4/10/2010,3.38,80.06,28.66,K
5/10/2010,2.95,80.06,28.63,K
6/10/2010,1.88,77.44,28.56,K
7/10/2010,1.68,82.19,27.43,K
8/10/2010,2.35,82.31,27.63,K
9/10/2010,1.66,77.62,28.38,K
10/10/2010,3.55,75.81,28.73,K
11/10/2010,1.8,73.31,29.07,K
12/10/2010,1.95,79.62,28.4,K
13/10/2010,4.48,83.81,28.14,K
14/10/2010,1.9,77,28.35,K
15/10/2010,2.16,73.69,29.49,K
16/10/2010,1.71,71.62,29.9,K
17/10/2010,4.34,81.19,29.31,K
18/10/2010,2.58,79,28.6,K
19/10/2010,1.95,71.94,28.96,K
20/10/2010,1.54,70.62,29.37,K
21/10/2010,3.03,78.12,29.02,K
22/10/2010,2.27,78.5,28.49,K
23/10/2010,1.52,78.38,27.8,K
24/10/2010,2.75,77.5,28.33,K
25/10/2010,4.16,78.94,28.37,K
26/10/2010,4.13,75.75,28.56,K
27/10/2010,2.31,77.75,27.83,K
28/10/2010,3.32,81,27.68,K
29/10/2010,5.7,82.25,27.94,K
30/10/2010,7.16,78.81,28.54,K
31/10/2010,6.05,81.38,28.33,K
1/11/2010,6.61,81.88,28.48,K
2/11/2010,6.52,79.25,28.53,K
3/11/2010,5.92,80.5,28.95,K
4/11/2010,4.52,84,28.44,K
5/11/2010,2.32,81.69,28,K
6/11/2010,4.75,85,27.63,K
7/11/2010,4.24,82.75,27.31,K
8/11/2010,4.52,83.69,27.17,K
9/11/2010,2.59,83.19,27.16,K
10/11/2010,2.38,80.69,27.64,K
11/11/2010,3.33,83.94,27.57,K
12/11/2010,4.61,84.44,27.73,K
13/11/2010,1.95,83.06,26.98,K
14/11/2010,1.45,83.88,27.07,K
15/11/2010,3.73,85.38,27.05,K
16/11/2010,2.77,83.31,27.33,K
17/11/2010,2.06,80.94,27.43,K
18/11/2010,1.4,79.12,27.29,K
19/11/2010,1.2,74.62,27.99,K
20/11/2010,1.87,78.06,27.76,K
21/11/2010,1.08,73.06,28.12,K
22/11/2010,1.7,73.31,28.48,K
23/11/2010,2.8,77.19,28.58,K
24/11/2010,2.98,82,28.03,K
25/11/2010,4.62,85.31,27.4,K
26/11/2010,4.55,84.19,27.37,K
27/11/2010,1.62,79.75,27.29,K
28/11/2010,2.35,81.31,27.69,K
29/11/2010,3.15,84.69,27.28,K
30/11/2010,3.14,82.75,27.37,K
1/12/2010,3.52,83.81,27.15,K
2/12/2010,2.95,82.81,27.37,K
3/12/2010,3.84,87.94,27.41,K
4/12/2010,7.42,85.88,27.42,K
5/12/2010,4.83,81.19,27.28,K
6/12/2010,3.02,85.31,26.86,K
7/12/2010,3.47,85.81,26.69,K
8/12/2010,5.84,85.5,26.62,K
9/12/2010,6.01,84.94,26.68,K
10/12/2010,3.45,81.25,26.68,K
11/12/2010,2.84,83.94,26.65,K
12/12/2010,2.56,81.81,26.94,K
13/12/2010,1.97,80.5,27.02,K
14/12/2010,4.24,77.69,27.53,K
15/12/2010,3.41,84.81,26.84,K
16/12/2010,1.77,83.81,26.5,K
17/12/2010,4.03,84.94,26.48,K
18/12/2010,7.8,86.62,26.58,K
19/12/2010,6.54,86.56,26.89,K
20/12/2010,4.98,83.94,26.74,K
21/12/2010,4.54,83.81,26.76,K
22/12/2010,5.27,86.12,26.62,K
23/12/2010,4.65,88.25,26.27,K
24/12/2010,5.12,84.81,26.66,K
25/12/2010,5.3,82.44,26.79,K
26/12/2010,6.23,83.75,26.8,K
27/12/2010,8.74,82.5,26.92,K
28/12/2010,8.88,84.88,26.69,K
29/12/2010,7.4,87.31,26.43,K
30/12/2010,6.67,88.44,26.28,K
31/12/2010,6.96,86.69,26.62,K
1/1/2011,7.09,84.94,26.89,L
2/1/2011,6.69,85.31,26.85,L
3/1/2011,6.24,87.44,26.3,L
4/1/2011,6.61,87.25,26.42,L
5/1/2011,5.07,86.19,26.73,L
6/1/2011,6.99,88,26.69,L
7/1/2011,8.49,86.69,26.68,L
8/1/2011,9.19,84.88,26.68,L
9/1/2011,8.77,84.88,26.95,L
10/1/2011,8.44,84.94,26.89,L
11/1/2011,7.48,83.19,26.51,L
12/1/2011,6.48,84.12,26.4,L
13/1/2011,6.84,83.69,26.58,L
14/1/2011,6.34,82.62,26.62,L
15/1/2011,6.13,84.38,26.29,L
16/1/2011,7.05,80.69,26.34,L
17/1/2011,7.89,80.5,26.27,L
18/1/2011,6.88,80.25,26.09,L
19/1/2011,5.5,79.94,26.02,L
20/1/2011,5.1,73,26.37,L
21/1/2011,5.23,75.88,26.48,L
22/1/2011,4.67,84.44,26.33,L
23/1/2011,4.8,81.62,26.67,L
24/1/2011,6.79,85.94,25.98,L
25/1/2011,8.48,86.81,26.08,L
26/1/2011,8.79,86.62,26.44,L
27/1/2011,9.16,86.69,26.41,L
28/1/2011,9.3,85.81,26.17,L
29/1/2011,10.03,86.19,26.22,L
30/1/2011,10,87.69,25.76,L
31/1/2011,8.87,86.12,25.9,L
1/2/2011,8.77,84.12,26.34,L
2/2/2011,8.75,84.06,26.3,L
3/2/2011,8.79,84.62,26.01,L
4/2/2011,7.01,82.25,25.95,L
5/2/2011,5.52,80.31,25.89,L
6/2/2011,5.91,78.5,25.99,L
7/2/2011,4.66,79.56,25.63,L
8/2/2011,3.71,81.31,25.55,L
9/2/2011,2.95,81.69,25.83,L
10/2/2011,3.25,83.94,26.18,L
11/2/2011,4.02,84.81,26.36,L
12/2/2011,4.22,83.75,26.48,L
13/2/2011,4.3,77.81,26.83,L
14/2/2011,4.48,83.75,26.46,L
15/2/2011,5.32,85.62,26.55,L
16/2/2011,5.42,86.31,26.52,L
17/2/2011,5.51,86.94,26.44,L
18/2/2011,5.11,86.75,26.44,L
19/2/2011,5.55,83,26.79,L
20/2/2011,5.67,79.5,26.51,L
21/2/2011,7.52,82.19,25.9,L
22/2/2011,6.27,86.44,26.49,L
23/2/2011,5.84,85.81,26.45,L
24/2/2011,5.55,83.06,26.84,L
25/2/2011,5.85,85.44,26.6,L
26/2/2011,6.14,85.62,26.55,L
27/2/2011,6.52,81.38,26.3,L
28/2/2011,5.09,84.38,25.99,L
1/3/2011,4.4,80.06,26.58,L
2/3/2011,4,80.06,26.65,L
3/3/2011,4.16,80.88,26.63,L
4/3/2011,4.8,79.88,26.92,L
5/3/2011,4.88,85.38,26.8,L
6/3/2011,3.02,84.62,26.89,L
7/3/2011,1.41,87.44,26.32,L
8/3/2011,2.91,86.88,26.63,L
9/3/2011,5.12,88.56,26.81,L
10/3/2011,6.66,88.5,26.76,L
11/3/2011,5.27,88.31,26.41,L
12/3/2011,5.06,89.5,25.99,L
13/3/2011,4.26,85.19,26.88,L
14/3/2011,4.66,86.12,26.44,L
15/3/2011,4.02,87.44,26.57,L
16/3/2011,4.95,86.19,26.88,L
17/3/2011,3.89,87,26.71,L
18/3/2011,4.23,86.81,26.94,L
19/3/2011,3.86,85.38,26.91,L
20/3/2011,2.33,86.69,26.56,L
21/3/2011,2.69,86.44,26.41,L
22/3/2011,2.66,85.31,26.27,L
23/3/2011,3.34,87.88,25.98,L
24/3/2011,3.48,86.12,26.62,L
25/3/2011,1.71,79.81,27.25,L
26/3/2011,2.03,78.69,27.65,L
27/3/2011,2.99,87.5,26.6,L
28/3/2011,5.64,87.81,26.63,L
29/3/2011,5.23,88.62,26.37,L
30/3/2011,4.08,88.44,26.31,L
31/3/2011,3.7,88.06,26.32,L
1/4/2011,4.25,86.06,26.59,L
2/4/2011,3.8,87.56,26.64,L
3/4/2011,4.59,88.44,26.63,L
4/4/2011,3.81,86.56,26.69,L
5/4/2011,4.24,87.75,26.66,L
6/4/2011,5.23,83.31,26.97,L
7/4/2011,5,76.56,27.48,L
8/4/2011,5.23,85.19,26.67,L
9/4/2011,4.12,84.62,26.94,L
10/4/2011,5.38,85.62,27.12,L
11/4/2011,5.02,84.88,27.02,L
12/4/2011,5.15,84,27.12,L
13/4/2011,4.75,81.5,27.34,L
14/4/2011,4.51,84.5,27.19,L
15/4/2011,3.98,82.69,27.43,L
16/4/2011,2.29,78.5,27.65,L
17/4/2011,2.5,79.94,27.87,L
18/4/2011,2.85,83.5,27.62,L
19/4/2011,1.43,80.5,27.98,L
20/4/2011,3.32,82.44,27.93,L
21/4/2011,2.46,79.75,27.76,L
22/4/2011,3.41,80.56,28.06,L
23/4/2011,3.15,76.5,28.2,L
24/4/2011,4.35,80.44,27.88,L
25/4/2011,4.03,83.12,27.82,L
26/4/2011,2.95,78.62,28.31,L
27/4/2011,3.37,80.38,28.26,L
28/4/2011,2.3,79.56,28.12,L
29/4/2011,1.7,78,27.94,L
30/4/2011,1.45,77.81,27.97,L
1/5/2011,1.32,80.62,27.7,L
2/5/2011,2.96,79.12,27.74,L
3/5/2011,1.65,75.06,27.9,L
4/5/2011,1.04,75.38,28.23,L
5/5/2011,1.84,79.69,28.12,L
6/5/2011,2.38,81.06,28.3,L
7/5/2011,2.84,81,28.8,L
8/5/2011,1.84,78.12,29.19,L
9/5/2011,3.41,82.81,29.21,L
10/5/2011,3.35,83.81,29.09,L
11/5/2011,2.27,84.5,28.52,L
12/5/2011,3.7,80.5,28.78,L
13/5/2011,2.52,79,28.73,L
14/5/2011,2.64,83.06,28.23,L
15/5/2011,3.03,82.44,28.01,L
16/5/2011,2.14,78.19,28.32,L
17/5/2011,1.31,73.94,28.48,L
18/5/2011,1.88,74.62,28.78,L
19/5/2011,2.6,78,28.8,L
20/5/2011,2.72,79.38,28.63,L
21/5/2011,3.26,81.44,28.56,L
22/5/2011,4.46,82.12,28.68,L
23/5/2011,4.77,83.12,28.73,L
24/5/2011,4.03,82.69,28.87,L
25/5/2011,3.77,84.12,28.5,L
26/5/2011,2.02,81.81,28.48,L
27/5/2011,1.8,79.75,28.27,L
28/5/2011,3.98,82.56,28.76,L
29/5/2011,3.86,82.5,28.66,L
30/5/2011,4.21,82.69,28.88,L
31/5/2011,3.64,82.06,28.69,L
1/6/2011,2.34,81.88,28.55,L
2/6/2011,2.45,80.38,28.82,L
3/6/2011,2.46,81.38,28.82,L
4/6/2011,2.34,78.94,28.93,L
5/6/2011,4.04,83.5,28.54,L
6/6/2011,5.09,81.94,28.14,L
7/6/2011,3.1,78.06,28.92,L
8/6/2011,4.24,79.5,29.08,L
9/6/2011,4.52,84.88,28.46,L
10/6/2011,3.22,82.38,28.33,L
11/6/2011,1.54,80.88,27.43,L
12/6/2011,1.86,82.19,27.99,L
13/6/2011,2.52,81.5,28.09,L
14/6/2011,2.29,80.62,27.96,L
15/6/2011,3.32,81.81,28.37,L
16/6/2011,2.55,83.62,27.73,L
17/6/2011,6.23,81.94,28.94,L
18/6/2011,5.45,83.5,28.48,L
19/6/2011,4.43,82.25,28.55,L
20/6/2011,5.23,82.94,28.66,L
21/6/2011,5.14,84.38,28.7,L
22/6/2011,4.79,84.56,28.58,L
23/6/2011,6.09,83.31,28.76,L
24/6/2011,6.7,79.19,29.03,L
25/6/2011,6.16,84.12,28.75,L
26/6/2011,5.18,82.56,28.66,L
27/6/2011,3.55,82.06,28.44,L
28/6/2011,5.33,80.75,28.69,L
29/6/2011,4.84,80.75,28.69,L
30/6/2011,6.62,79.44,28.81,L
1/7/2011,5.28,76.81,28.78,L
2/7/2011,4.16,81.06,28.29,L
3/7/2011,2.85,80.56,28.08,L
4/7/2011,3.01,82.19,28.31,L
5/7/2011,4.63,82.12,28.64,L
6/7/2011,4.61,80.38,28.76,L
7/7/2011,5.07,78.25,29.06,L
8/7/2011,5.03,79.5,28.91,L
9/7/2011,5.59,81.19,28.84,L
10/7/2011,4.79,81.62,28.67,L
11/7/2011,5.97,83.81,28.56,L
12/7/2011,6.53,79,28.94,L
13/7/2011,5.09,79.19,29.01,L
14/7/2011,4.33,81.62,28.65,L
15/7/2011,4.11,86.06,27.87,L
16/7/2011,5.99,81.62,27.8,L
17/7/2011,5.74,82.44,28.15,L
18/7/2011,4.71,81.44,28.45,L
19/7/2011,5.55,81.94,28.58,L
20/7/2011,5.21,85.25,28.31,L
21/7/2011,3.51,84.31,28.11,L
22/7/2011,2.43,84,27.67,L
23/7/2011,2.7,82.5,27.65,L
24/7/2011,3.73,81.69,28.3,L
25/7/2011,3.45,83.12,28.01,L
26/7/2011,4.45,82.75,28.32,L
27/7/2011,4.22,82.12,28.31,L
28/7/2011,6.5,81.25,28.49,L
29/7/2011,6.91,79.5,28.7,L
30/7/2011,7.18,80.12,28.57,L
31/7/2011,6.41,79.06,28.4,L
1/8/2011,5.84,81.69,28.33,L
2/8/2011,5.16,84.38,28.19,L
3/8/2011,4.1,86,27.8,L
4/8/2011,3.7,84.06,27.15,L
5/8/2011,4.92,82.94,27.9,L
6/8/2011,5.72,84.25,28.21,L
7/8/2011,5.09,87.12,27.78,L
8/8/2011,4.69,84.06,27.95,L
9/8/2011,4.54,83.94,28.01,L
10/8/2011,4.45,81.38,28.3,L
11/8/2011,4.23,79.31,28.42,L
12/8/2011,3.18,78.5,28.4,L
13/8/2011,1.47,73.31,28.44,L
14/8/2011,1.95,75.44,28.49,L
15/8/2011,3.52,81.81,27.83,L
16/8/2011,3.56,82.31,27.72,L
17/8/2011,3.66,78.44,27.97,L
18/8/2011,3.47,80.19,28.08,L
19/8/2011,2.94,79.81,28.25,L
20/8/2011,2.13,80.5,27.49,L
21/8/2011,2.95,78.75,27.44,L
22/8/2011,4.07,77.88,28.47,L
23/8/2011,3.83,78.38,28.47,L
24/8/2011,5.42,79.19,28.69,L
25/8/2011,6.65,80.06,28.58,L
26/8/2011,6.12,80.31,28.23,L
27/8/2011,6.3,83.69,27.97,L
28/8/2011,4.9,79.56,28.59,L
29/8/2011,4.39,81.12,27.93,L
30/8/2011,4.34,77.44,28.37,L
31/8/2011,3.91,77,28.53,L
1/9/2011,4.5,83.06,28.26,L
2/9/2011,4.92,81.25,28.62,L
3/9/2011,5.27,81.12,28.62,L
4/9/2011,5.59,83.25,28.32,L
5/9/2011,5.98,82.81,28.46,L
6/9/2011,4.8,82.06,28.38,L
7/9/2011,4.02,80.44,28.43,L
8/9/2011,5.6,82.12,28.38,L
9/9/2011,4.8,79.81,28.5,L
10/9/2011,5.03,83.81,28.02,L
11/9/2011,6.14,82.75,28.4,L
12/9/2011,4.16,83.44,28.36,L
13/9/2011,4.07,81.25,28.37,L
14/9/2011,1.7,76.62,28.5,L
15/9/2011,3.12,82.81,27.78,L
16/9/2011,3.25,78,27.76,L
17/9/2011,2.45,76.62,28.15,L
18/9/2011,4.01,82.88,28.05,L
19/9/2011,3.26,79.88,27.66,L
20/9/2011,4.35,82.25,27.41,L
21/9/2011,2.5,75.88,27.44,L
22/9/2011,2.93,80.75,27.19,L
23/9/2011,2.96,76.75,28.4,L
24/9/2011,2.83,78.31,28.63,L
25/9/2011,3.3,80.56,28.5,L
26/9/2011,6.13,86.12,27.89,L
27/9/2011,6.88,79.81,28.3,L
28/9/2011,4.91,79.88,28.46,L
29/9/2011,5.32,79.75,28.9,L
30/9/2011,4.52,77.56,28.94,L
1/10/2011,3.06,77.44,28.55,L
2/10/2011,2.12,82.69,27.72,L
3/10/2011,4.14,80.19,28.62,L
4/10/2011,5.22,86.06,27.61,L
5/10/2011,3.55,85.31,26.81,L
6/10/2011,3.59,79.19,27.72,L
7/10/2011,4.6,79.75,28.32,L
8/10/2011,3,80.12,27.9,L
9/10/2011,4.21,85.75,27.17,L
10/10/2011,4.09,82.62,28.26,L
11/10/2011,4.98,84.31,27.73,L
12/10/2011,5.76,81,27.88,L
13/10/2011,3.43,75.56,28.73,L
14/10/2011,4.29,80.69,28.72,L
15/10/2011,3.88,81.56,28.55,L
16/10/2011,3.12,80.19,28.47,L
17/10/2011,3.25,79.75,28.49,L
18/10/2011,3.55,81.19,28.2,L
19/10/2011,2,78.31,27.22,L
20/10/2011,2.55,77.75,27.37,L
21/10/2011,2.52,81,27.21,L
22/10/2011,2.87,80.31,27.34,L
23/10/2011,3.38,78.31,27.66,L
24/10/2011,3.16,82.19,27.77,L
25/10/2011,2.45,82.38,27.47,L
26/10/2011,4.09,84.31,27.36,L
27/10/2011,3.15,84.5,26.96,L
28/10/2011,2.88,82.38,27.48,L
29/10/2011,4.4,82.62,28.1,L
30/10/2011,2.98,78.81,28.55,L
31/10/2011,4.42,83.25,27.94,L
1/11/2011,5.25,81.19,28.2,L
2/11/2011,3.62,83.56,27.51,L
3/11/2011,3.14,80.56,27.71,L
4/11/2011,4.44,80.12,27.65,L
5/11/2011,3.3,78.88,27.87,L
6/11/2011,5.94,80.5,28.3,L
7/11/2011,6.13,77.06,28.97,L
8/11/2011,5.2,78,28.65,L
9/11/2011,2.88,78.44,28.28,L
10/11/2011,2.33,75.75,28.17,L
11/11/2011,2.81,78.69,28.1,L
12/11/2011,2.95,80.62,27.94,L
13/11/2011,2.88,84.31,27.25,L
14/11/2011,3.17,84.38,26.73,L
15/11/2011,5.09,86.88,26.83,L
16/11/2011,4.55,84.5,27.14,L
17/11/2011,4.41,86.44,27.26,L
18/11/2011,2.84,83.38,27.43,L
19/11/2011,3.33,84.31,27.44,L
20/11/2011,4.85,86.5,27.51,L
21/11/2011,5.36,83.19,27.83,L
22/11/2011,5.93,87.38,27.82,L
23/11/2011,5.33,85,27.33,L
24/11/2011,6.44,85.62,27.51,L
25/11/2011,6.09,84.12,28.21,L
26/11/2011,4.9,84.94,28.21,L
27/11/2011,4.59,87.5,27.93,L
28/11/2011,3.36,88.25,27.51,L
29/11/2011,3.33,85,27.62,L
30/11/2011,5.35,88,27.58,L
1/12/2011,6.7,85.25,28.13,L
2/12/2011,8.93,84.62,27.76,L
3/12/2011,3.77,83.88,26.51,L
4/12/2011,4.62,83.06,26.94,L
5/12/2011,4.09,83.94,26.75,L
6/12/2011,2.03,85,26.43,L
7/12/2011,4.23,83.19,27.31,L
8/12/2011,3.77,80.69,27.59,L
9/12/2011,5.2,84.06,27.33,L
10/12/2011,6.92,84.06,27.51,L
11/12/2011,7.52,82.88,27.54,L
12/12/2011,7.83,83.31,26.98,L
13/12/2011,6,81.25,27.05,L
14/12/2011,5.7,83.69,27.07,L
15/12/2011,5.45,85.06,27.3,L
16/12/2011,5.29,85.38,27.22,L
17/12/2011,9.02,83.19,27.48,L
18/12/2011,8.75,85.5,27.37,L
19/12/2011,9.62,86.25,27.12,L
20/12/2011,7.77,86.69,26.85,L
21/12/2011,6.36,87.5,27.27,L
22/12/2011,6.91,87.25,26.78,L
23/12/2011,8.13,88.75,26.91,L
24/12/2011,10,87.56,26.91,L
25/12/2011,10.63,83.75,26.75,L
26/12/2011,9.43,83.94,26.76,L
27/12/2011,8.86,86.38,26.95,L
28/12/2011,10.25,87.25,26.58,L
29/12/2011,8.3,86.94,26.46,L
30/12/2011,7.02,88.75,26.55,L
31/12/2011,5.75,88.31,26.98,L
1/1/2012,4.38,86.12,26.96,M
2/1/2012,6.88,88.44,26.82,M
3/1/2012,7.3,84.38,26.87,M
4/1/2012,6.6,82.38,26.76,M
5/1/2012,7.98,85.94,26.58,M
6/1/2012,7.87,85.38,26.43,M
7/1/2012,8.54,88.75,26.24,M
8/1/2012,9.83,86.06,26.27,M
9/1/2012,9.88,86.12,26.22,M
10/1/2012,9.03,87.44,26.17,M
11/1/2012,8.29,88.25,26.15,M
12/1/2012,8.18,86.94,26.26,M
13/1/2012,6.58,87.38,25.89,M
14/1/2012,3.06,88.06,25.87,M
15/1/2012,2.1,86.5,26.45,M
16/1/2012,1.33,86.12,26.5,M
17/1/2012,1.62,85.75,26.75,M
18/1/2012,2.52,87.62,26.47,M
19/1/2012,2.7,87,26.35,M
20/1/2012,3.47,88.56,26.44,M
21/1/2012,3.07,85.38,26.3,M
22/1/2012,3.6,87.38,26.38,M
23/1/2012,5.2,85.94,26.69,M
24/1/2012,6.74,83.62,26.48,M
25/1/2012,6.86,86,26.42,M
26/1/2012,7.64,82.88,26.44,M
27/1/2012,7.05,86,26.23,M
28/1/2012,4.34,87.62,25.43,M
29/1/2012,4.25,88.38,25.94,M
30/1/2012,3.79,85.62,26.03,M
31/1/2012,4.8,88.81,26.09,M
1/2/2012,5.54,91.25,26.21,M
2/2/2012,5.94,90.12,26.14,M
3/2/2012,6.77,88.88,25.89,M
4/2/2012,5.68,88.5,26.12,M
5/2/2012,4.95,90.12,25.91,M
6/2/2012,4.34,87.88,26.22,M
7/2/2012,3.73,79.62,26.55,M
8/2/2012,4.84,81.25,26.44,M
9/2/2012,5.41,80.69,26.68,M
10/2/2012,5.58,87.19,26.31,M
11/2/2012,6.39,87.69,26.62,M
12/2/2012,7.48,87.56,26.86,M
13/2/2012,6.85,87.38,26.62,M
14/2/2012,5.63,86,26.49,M
15/2/2012,4.29,82,26.95,M
16/2/2012,3.09,83.06,26.74,M
17/2/2012,2.41,82.5,26.72,M
18/2/2012,3.2,86.69,26.4,M
19/2/2012,4.16,88.56,25.94,M
20/2/2012,3.81,84,26.48,M
21/2/2012,3.18,82.94,26.71,M
22/2/2012,4.07,85.12,26.76,M
23/2/2012,3.66,84.06,27.02,M
24/2/2012,3.98,85.19,27.12,M
25/2/2012,3.2,84.75,27.16,M
26/2/2012,3.29,83.12,27.26,M
27/2/2012,2.69,80,27.37,M
28/2/2012,3.97,81.88,27.41,M
29/2/2012,5.42,86.12,27.24,M
1/3/2012,5,86.75,26.97,M
2/3/2012,4.17,87.81,26.23,M
3/3/2012,1.77,84.5,26.33,M
4/3/2012,2.65,81.5,27.24,M
5/3/2012,2.61,81.94,27.25,M
6/3/2012,1.91,83.44,27.17,M
7/3/2012,1.81,82.19,27.37,M
8/3/2012,1.99,85.06,26.76,M
9/3/2012,1.47,80.88,26.7,M
10/3/2012,2.68,84.19,27.12,M
11/3/2012,5.85,86.12,27.39,M
12/3/2012,5.39,83.31,27.06,M
13/3/2012,7.04,82.06,27.17,M
14/3/2012,3.57,83.88,26.52,M
15/3/2012,5.9,83.75,27.26,M
16/3/2012,4.75,81.38,27.19,M
17/3/2012,3.8,81.94,27.23,M
18/3/2012,3.57,84.44,27.13,M
19/3/2012,2.73,83.75,27.26,M
20/3/2012,2.95,81.25,27.47,M
21/3/2012,2.32,80,27.4,M
22/3/2012,1.97,76.38,27.3,M
23/3/2012,2.29,75.12,27.76,M
24/3/2012,2.69,78,27.98,M
25/3/2012,4.38,83.81,27.8,M
26/3/2012,5.38,84.25,27.87,M
27/3/2012,4.68,83.62,27.87,M
28/3/2012,4.11,82.25,27.83,M
29/3/2012,3.41,82.44,27.69,M
30/3/2012,2.27,81.12,27.48,M
31/3/2012,4.02,80.19,27.94,M
1/4/2012,1.64,79.94,28.11,M
2/4/2012,3,83.94,27.78,M
3/4/2012,1.31,82.12,27.56,M
4/4/2012,2.41,83.06,27.33,M
5/4/2012,2.94,80.38,28.08,M
6/4/2012,2.99,82.56,27.68,M
7/4/2012,2.05,79.94,27.67,M
8/4/2012,5.09,81.5,28.01,M
9/4/2012,2.56,80.19,27.73,M
10/4/2012,1.95,82.31,27.55,M
11/4/2012,1.21,76.44,27.62,M
12/4/2012,2.05,79.25,27.76,M
13/4/2012,2.32,79.25,28.14,M
14/4/2012,2.36,82.12,27.85,M
15/4/2012,1.34,80.06,27.76,M
16/4/2012,1.38,77.06,28.48,M
17/4/2012,1.24,76.56,28.44,M
18/4/2012,1.49,76.12,28.61,M
19/4/2012,1.72,79.88,28.27,M
20/4/2012,1.75,80.25,28.39,M
21/4/2012,2.59,80.62,28.48,M
22/4/2012,3.5,79.94,28.43,M
23/4/2012,3.13,74.44,29.07,M
24/4/2012,2.53,79.75,28.5,M
25/4/2012,3.59,81.31,28.69,M
26/4/2012,4.24,79.19,29.26,M
27/4/2012,4.01,77.81,29.55,M
28/4/2012,3.49,80.5,29.35,M
29/4/2012,2.31,79.56,28.86,M
30/4/2012,2.31,77.5,28.74,M
1/5/2012,2.74,81.38,28.69,M
2/5/2012,3.33,83.56,28.69,M
3/5/2012,3.62,76.44,29.17,M
4/5/2012,3.12,76.62,29.43,M
5/5/2012,4.11,80.06,29.24,M
6/5/2012,2.11,77.75,28.62,M
7/5/2012,1.53,77.5,27.76,M
8/5/2012,1.33,79.25,28.22,M
9/5/2012,1.38,82.81,27.94,M
10/5/2012,1.84,83.19,28.24,M
11/5/2012,2.23,81.75,28.51,M
12/5/2012,3.85,79.62,29.29,M
13/5/2012,3.96,77.25,29.27,M
14/5/2012,3.81,76.88,29.65,M
15/5/2012,4.05,80.56,29.2,M
16/5/2012,4.56,82.94,28.99,M
17/5/2012,4.39,81.69,28.8,M
18/5/2012,4.2,81.56,29.07,M
19/5/2012,2.88,82.88,28.96,M
20/5/2012,1.8,77.19,28.95,M
21/5/2012,2.95,76.69,29.47,M
22/5/2012,4.18,77.5,29.97,M
23/5/2012,5.12,79.75,29.42,M
24/5/2012,5.6,78.19,29.44,M
25/5/2012,4,80.69,29.08,M
26/5/2012,3.38,82.19,28.9,M
27/5/2012,2.83,84.25,28.39,M
28/5/2012,1.55,76.75,28.64,M
29/5/2012,2.41,79.56,28.66,M
30/5/2012,2.6,79.5,28.58,M
31/5/2012,1.82,81.5,28.33,M
1/6/2012,1.65,77.19,28.58,M
2/6/2012,2.37,85.31,27.54,M
3/6/2012,3.44,82.38,27.76,M
4/6/2012,3.76,81.81,28.92,M
5/6/2012,3.57,84.81,28.91,M
6/6/2012,4.28,80.31,28.69,M
7/6/2012,4.74,76.69,29.72,M
8/6/2012,4.13,81.88,29.58,M
9/6/2012,6.56,79,28.79,M
10/6/2012,5.95,76.62,29.15,M
11/6/2012,4.67,82.06,28.98,M
12/6/2012,5.14,80.62,28.98,M
13/6/2012,4.28,81.88,28.88,M
14/6/2012,5.41,79.38,29.33,M
15/6/2012,5.69,78.88,29.47,M
16/6/2012,6.65,76.25,29.48,M
17/6/2012,7.64,74.06,29.59,M
18/6/2012,4.8,76.56,29.37,M
19/6/2012,4.07,82.62,28.56,M
20/6/2012,4.49,82.19,28.73,M
21/6/2012,4.76,82.38,28.7,M
22/6/2012,2.64,76.06,28.81,M
23/6/2012,4.16,80.25,28.91,M
24/6/2012,4.58,79.5,29.08,M
25/6/2012,4.67,79.88,28.94,M
26/6/2012,3.54,78.81,28.84,M
27/6/2012,3.96,81.25,28.68,M
28/6/2012,4.41,79.56,28.77,M
29/6/2012,5.16,78.69,29.13,M
30/6/2012,4.78,78.5,29.05,M
1/7/2012,4.8,81.62,28.8,M
2/7/2012,3.76,83.81,28.09,M
3/7/2012,4.66,81.62,28.24,M
4/7/2012,5.73,79.31,28.75,M
5/7/2012,5.56,82.62,28.15,M
6/7/2012,5.05,81.56,28.42,M
7/7/2012,4.71,79.5,28.48,M
8/7/2012,4.7,81.19,28.48,M
9/7/2012,5.24,78.69,28.62,M
10/7/2012,3.31,80.88,28.01,M
11/7/2012,3.58,84.94,27.69,M
12/7/2012,4.93,84.56,27.98,M
13/7/2012,6.28,82.38,28.12,M
14/7/2012,4.86,82.44,27.98,M
15/7/2012,3.66,81.31,27.76,M
16/7/2012,3.2,78.38,28.02,M
17/7/2012,4.79,80.75,28.22,M
18/7/2012,3.58,76.19,27.93,M
19/7/2012,2.47,77.5,27.66,M
20/7/2012,3.65,76.56,27.99,M
21/7/2012,4.66,83.06,28.4,M
22/7/2012,4.58,81.56,28.55,M
23/7/2012,6.51,80.56,28.63,M
24/7/2012,6.65,77.81,28.69,M
25/7/2012,6.12,79.44,28.48,M
26/7/2012,6.42,81.12,28.44,M
27/7/2012,6.48,83.69,28.3,M
28/7/2012,5.49,84.62,28.31,M
29/7/2012,5.18,79.69,28.76,M
30/7/2012,5.93,78.69,29.06,M
31/7/2012,5.88,76.62,29.14,M
1/8/2012,6.28,79.88,28.58,M
2/8/2012,5.79,80.44,28.55,M
3/8/2012,6.09,81.38,28.37,M
4/8/2012,4.68,83.5,27.95,M
5/8/2012,4.8,83.38,28.03,M
6/8/2012,5.47,85,28.08,M
7/8/2012,4.62,82.38,28.23,M
8/8/2012,5.9,81.62,28.31,M
9/8/2012,6.44,78.94,28.34,M
10/8/2012,5.73,82.12,28.28,M
11/8/2012,5.12,82,28.51,M
12/8/2012,5.32,81.19,28.43,M
13/8/2012,4.79,84.25,28.01,M
14/8/2012,5.25,82.06,28.37,M
15/8/2012,6.1,81.5,28.55,M
16/8/2012,5.57,78.5,28.43,M
17/8/2012,5.15,81,28.02,M
18/8/2012,4.77,78.88,28.22,M
19/8/2012,4.06,78.81,28.26,M
20/8/2012,3.95,82.75,28.15,M
21/8/2012,4.25,82.06,28.06,M
22/8/2012,4.78,82.81,27.94,M
23/8/2012,4.16,82.56,27.94,M
24/8/2012,5.94,81.88,28.55,M
25/8/2012,3.41,82.38,28.05,M
26/8/2012,4.05,81.94,28.07,M
27/8/2012,5.16,84.5,27.62,M
28/8/2012,6.13,81.44,27.78,M
29/8/2012,4.18,82,27.98,M
30/8/2012,3.66,84.5,27.54,M
31/8/2012,4,79.69,27.83,M
1/9/2012,5.2,82.44,28.27,M
2/9/2012,5.81,81.19,28.33,M
3/9/2012,5.32,81.31,28.17,M
4/9/2012,4.22,84.19,27.77,M
5/9/2012,5.99,85.69,27.09,M
6/9/2012,5.03,86,27.45,M
7/9/2012,4.08,80.25,27.67,M
8/9/2012,2.95,83.75,27.06,M
9/9/2012,2.85,80,27.14,M
10/9/2012,3.62,82.44,27.23,M
11/9/2012,4.8,83.88,27.6,M
12/9/2012,4.76,79.94,28.24,M
13/9/2012,4.78,79.88,28.31,M
14/9/2012,4.16,80.12,28.12,M
15/9/2012,3.59,80.81,28.54,M
16/9/2012,3.3,80.31,28.52,M
17/9/2012,2.3,81.44,27.95,M
18/9/2012,2.87,81.25,28.23,M
19/9/2012,3.18,81.56,28.54,M
20/9/2012,2.15,78.06,28.37,M
21/9/2012,2.95,76.25,28.48,M
22/9/2012,3.62,84.25,27.9,M
23/9/2012,4.52,81.25,28.67,M
24/9/2012,4.98,79.81,28.77,M
25/9/2012,4.6,81.12,28.49,M
26/9/2012,4.61,85.12,27.76,M
27/9/2012,4.45,81.94,27.94,M
28/9/2012,4.2,81.69,27.87,M
29/9/2012,3.67,79.5,28.01,M
30/9/2012,4.17,78.88,28.26,M
1/10/2012,2.73,80.06,28.34,M
2/10/2012,1.97,83.81,27.37,M
3/10/2012,3.09,78.62,28.65,M
4/10/2012,3.5,79.81,28.8,M
5/10/2012,2.81,81.69,27.74,M
6/10/2012,3.64,80.19,28.36,M
7/10/2012,4.48,83.5,27.98,M
8/10/2012,3.87,76.44,28.84,M
9/10/2012,2.16,77.06,28.31,M
10/10/2012,2.65,79.38,28.06,M
11/10/2012,3.6,79.44,28.49,M
12/10/2012,2.99,78.25,28.5,M
13/10/2012,2.2,79.25,28.07,M
14/10/2012,1.5,81.44,27.44,M
15/10/2012,1.32,79.25,27.74,M
16/10/2012,1.84,78.5,28.09,M
17/10/2012,2.65,79.5,28.15,M
18/10/2012,2.45,82.19,27.69,M
19/10/2012,1.57,79.12,27.33,M
20/10/2012,3.08,82.19,27.65,M
21/10/2012,3.01,83.44,27.1,M
22/10/2012,5.23,82.38,27.69,M
23/10/2012,3.53,82.12,28,M
24/10/2012,1.97,80.31,28,M
25/10/2012,4.04,81.19,28.3,M
26/10/2012,4.52,77.75,28.2,M
27/10/2012,2.84,76.81,27.94,M
28/10/2012,3.2,74.75,28.38,M
29/10/2012,3.26,79.69,28.4,M
30/10/2012,3.19,84.12,27.46,M
31/10/2012,2.59,84.38,27.13,M
1/11/2012,1.35,80.75,26.96,M
2/11/2012,2.34,80.38,27.71,M
3/11/2012,2.27,84.62,27.06,M
4/11/2012,2.96,84.31,27.43,M
5/11/2012,2.21,84.25,26.95,M
6/11/2012,2.89,82.06,27.08,M
7/11/2012,3.97,79.75,27.94,M
8/11/2012,3.02,81.31,28.01,M
9/11/2012,3.34,82.88,28.35,M
10/11/2012,2.59,84.38,27.64,M
11/11/2012,1.77,82.5,27.33,M
12/11/2012,1.55,80.56,27.72,M
13/11/2012,4.39,81.81,27.82,M
14/11/2012,3.04,79.19,27.84,M
15/11/2012,1.04,73.19,28.41,M
16/11/2012,2.1,77.06,28.53,M
17/11/2012,2.64,79.94,28.59,M
18/11/2012,3.59,81.56,28.41,M
19/11/2012,2.06,77.88,27.96,M
20/11/2012,1.49,77.12,28.01,M
21/11/2012,1.56,81.25,27.69,M
22/11/2012,1.62,80.81,27.98,M
23/11/2012,1.71,78.81,28.23,M
24/11/2012,3.35,84.31,27.47,M
25/11/2012,1.21,81.06,27.19,M
26/11/2012,1.23,81.69,27.62,M
27/11/2012,1.84,81.5,27.7,M
28/11/2012,2.04,81.69,27.92,M
29/11/2012,3.1,85.56,27.6,M
30/11/2012,2.82,82,28.19,M
1/12/2012,2.76,83.38,28.02,M
2/12/2012,3.88,82.56,27.94,M
3/12/2012,3.49,83.88,26.57,M
4/12/2012,3.12,79.31,27.48,M
5/12/2012,3.62,80.62,27.58,M
6/12/2012,4.51,86.12,27.56,M
7/12/2012,4.93,81.31,27.94,M
8/12/2012,4.8,81.81,27.97,M
9/12/2012,3.26,80.44,27.62,M
10/12/2012,3.2,84.38,27.32,M
11/12/2012,2.74,84.19,27.4,M
12/12/2012,5.81,84.75,27.94,M
13/12/2012,5.56,86,27.3,M
14/12/2012,5.27,86.12,27.87,M
15/12/2012,3.81,85.44,27.65,M
16/12/2012,3.14,85.75,27.09,M
17/12/2012,5.12,85.62,27.59,M
18/12/2012,4.09,85.81,27.37,M
19/12/2012,4.73,84.56,27.19,M
20/12/2012,5.82,86.56,27.76,M
21/12/2012,4.77,85.75,27.74,M
22/12/2012,4.95,86.69,26.92,M
23/12/2012,7.6,86.19,27.41,M
24/12/2012,8.59,80.25,27.78,M
25/12/2012,4.91,80.88,27.26,M
26/12/2012,4.72,83.5,26.82,M
27/12/2012,5.86,85.75,27.56,M
28/12/2012,5.96,87.25,27.47,M
29/12/2012,5.05,86.69,27.74,M
30/12/2012,3.6,87.5,27.23,M
31/12/2012,5.4,88.44,27.36,M
1/1/2013,4.03,87,27.14,N
2/1/2013,4.34,82.25,27.98,N
3/1/2013,5.05,89.12,27.46,N
4/1/2013,5.25,85.81,27.58,N
5/1/2013,5.88,78.81,28.11,N
6/1/2013,5.2,82.69,27.71,N
7/1/2013,7.15,80.38,28.13,N
8/1/2013,8.17,83.62,27.37,N
9/1/2013,6.84,84.62,26.52,N
10/1/2013,5.54,88.25,26.13,N
11/1/2013,6.21,83.88,27.1,N
12/1/2013,6.34,81.88,27.44,N
13/1/2013,5.55,82.94,27.25,N
14/1/2013,6.52,80.62,27.43,N
15/1/2013,6.8,78.81,27.44,N
16/1/2013,7.62,78.31,27.22,N
17/1/2013,7.52,80,27.12,N
18/1/2013,9.44,85.25,27.13,N
19/1/2013,8.38,83.56,26.81,N
20/1/2013,8.07,88.69,26.67,N
21/1/2013,6.59,89.31,26.39,N
22/1/2013,6.99,90.62,26.22,N
23/1/2013,6.2,85.81,26.75,N
24/1/2013,5.84,83.31,26.56,N
25/1/2013,6.19,77.19,26.76,N
26/1/2013,5.8,79.94,26.5,N
27/1/2013,6.14,82.38,26.52,N
28/1/2013,6.33,81.06,26.73,N
29/1/2013,6.62,79.88,26.97,N
30/1/2013,6.14,80.38,26.99,N
31/1/2013,6.63,85.19,26.9,N
1/2/2013,7.55,82.12,27.09,N
2/2/2013,7.44,85.81,26.89,N
3/2/2013,7.73,87.31,27.09,N
4/2/2013,5.93,87.75,26.94,N
5/2/2013,5.77,87.5,26.73,N
6/2/2013,4.06,87.81,26.3,N
7/2/2013,3.52,86.5,26.46,N
8/2/2013,3.47,87.88,26.46,N
9/2/2013,5.26,82.5,27.2,N
10/2/2013,6.25,88.38,26.5,N
11/2/2013,7.04,88,26.58,N
12/2/2013,6.01,87.56,26.62,N
13/2/2013,7.36,86.88,26.88,N
14/2/2013,5.44,88.12,26.37,N
15/2/2013,6.34,88.31,26.14,N
16/2/2013,5.77,88.19,26.54,N
17/2/2013,5.42,88.25,26.49,N
18/2/2013,5.94,85.62,26.65,N
19/2/2013,6.25,83.19,26.97,N
20/2/2013,5.41,83.31,26.93,N
21/2/2013,6.93,84.81,26.63,N
22/2/2013,7.44,83.12,26.82,N
23/2/2013,8.86,86.19,26.71,N
24/2/2013,6.7,87.94,26.8,N
25/2/2013,5.11,90.31,26.27,N
26/2/2013,5.09,90.75,26.33,N
27/2/2013,3.63,87.88,26.85,N
28/2/2013,2.86,84.38,26.8,N
1/3/2013,4.23,86,27.17,N
2/3/2013,4.74,86.38,27.48,N
3/3/2013,6.34,83.12,27.76,N
4/3/2013,7.3,79.38,27.52,N
5/3/2013,7.46,81.81,27.33,N
6/3/2013,6.23,83.88,27.13,N
7/3/2013,6.81,85.44,27.12,N
8/3/2013,6.92,82.88,27.39,N
9/3/2013,4.94,78.44,27.48,N
10/3/2013,3.99,79.94,27.29,N
11/3/2013,3.45,78.31,27.15,N
12/3/2013,3,77.25,27.39,N
13/3/2013,3.45,76.88,27.59,N
14/3/2013,4.27,81.56,27.44,N
15/3/2013,4.77,77.81,28.3,N
16/3/2013,4.45,83.75,27.9,N
17/3/2013,4.82,80.62,27.86,N
18/3/2013,3.2,74.12,27.69,N
19/3/2013,3.65,76.06,27.89,N
20/3/2013,1.86,74.31,27.97,N
21/3/2013,2.66,77.06,28.23,N
22/3/2013,3.7,78.94,28.53,N
23/3/2013,2.71,79.31,28.43,N
24/3/2013,2.49,79.69,28.15,N
25/3/2013,1.6,77.81,28.05,N
26/3/2013,1.24,75.56,28.21,N
27/3/2013,1.28,74.12,28.8,N
28/3/2013,1.66,75.12,28.99,N
29/3/2013,1.91,75.81,29.04,N
30/3/2013,2.41,78.38,29.04,N
31/3/2013,2.09,76.44,29.43,N
1/4/2013,2.8,77.75,29.48,N
2/4/2013,3.11,78.56,29.37,N
3/4/2013,1.52,80.44,28.67,N
4/4/2013,1.43,77.88,28.74,N
5/4/2013,2.46,80,29.22,N
6/4/2013,5.53,85.88,28.42,N
7/4/2013,5.1,76.44,28.82,N
8/4/2013,2.34,73.19,29.15,N
9/4/2013,1.6,74.56,28.25,N
10/4/2013,4.09,81.12,28.21,N
11/4/2013,3.84,82.75,27.84,N
12/4/2013,3.59,82.12,28.62,N
13/4/2013,4.09,82.12,29.11,N
14/4/2013,3.03,84.25,27.64,N
15/4/2013,1.49,77.06,28.56,N
16/4/2013,0.95,78.69,28.78,N
17/4/2013,2.25,78.12,29.25,N
18/4/2013,1.98,78.62,29.3,N
19/4/2013,3.27,81.06,28.35,N
20/4/2013,2.66,80,28.93,N
21/4/2013,2.32,84.12,28.3,N
22/4/2013,1.77,77.06,28.96,N
23/4/2013,2.11,78.38,28.87,N
24/4/2013,1.12,79.5,28.26,N
25/4/2013,1.66,77.25,28.58,N
26/4/2013,2.18,82.06,27.97,N
27/4/2013,2.38,78.69,28.84,N
28/4/2013,1.95,79.75,28.39,N
29/4/2013,3.05,79.19,28.85,N
30/4/2013,2.48,76.5,29.37,N
1/5/2013,1.71,75.94,29.04,N
2/5/2013,1.66,78.81,28.67,N
3/5/2013,2.09,79.56,28.9,N
4/5/2013,3.23,79.31,29.16,N
5/5/2013,2.29,79.69,29.05,N
6/5/2013,1.78,81.56,28.38,N
7/5/2013,1.86,80.19,28.22,N
8/5/2013,1.67,74,28.89,N
9/5/2013,3.52,79.81,28.99,N
10/5/2013,4.39,82.75,28.95,N
11/5/2013,3.71,84.94,28.37,N
12/5/2013,3.67,80.31,29.42,N
13/5/2013,2.82,79.69,29.69,N
14/5/2013,1.83,79.19,29.47,N
15/5/2013,2.94,83.81,29.23,N
16/5/2013,4.31,79.5,29.26,N
17/5/2013,2.38,76.69,29.48,N
18/5/2013,3.23,81.94,28.94,N
19/5/2013,3.84,79.31,29.54,N
20/5/2013,2.34,77.38,29.58,N
21/5/2013,0.96,74.69,29.08,N
22/5/2013,2.75,77.44,29.17,N
23/5/2013,4.15,80.62,29.26,N
24/5/2013,2.51,78.06,29.08,N
25/5/2013,2.13,74.94,28.95,N
26/5/2013,1.01,74.69,28.55,N
27/5/2013,1.24,75.5,28.7,N
28/5/2013,1.32,74.69,28.65,N
29/5/2013,1.84,76.31,28.47,N
30/5/2013,3.57,79.44,28.38,N
31/5/2013,4.73,77.62,28.98,N
1/6/2013,5.13,83.06,28.55,N
2/6/2013,3.14,80.94,28.98,N
3/6/2013,2.25,84.12,28.4,N
4/6/2013,1.44,75.88,28.71,N
5/6/2013,3.13,79.19,28.78,N
6/6/2013,5.77,79.25,29.1,N
7/6/2013,3.41,77.69,29.48,N
8/6/2013,2.08,77,29.37,N
9/6/2013,5.18,80.12,29.12,N
10/6/2013,4.45,79.88,29.23,N
11/6/2013,6.62,80.81,29.4,N
12/6/2013,6.26,71.56,29.78,N
13/6/2013,4.04,72.06,29.83,N
14/6/2013,2.87,71.62,29.88,N
15/6/2013,5.27,77.12,30.37,N
16/6/2013,5.57,76,30.3,N
17/6/2013,4.75,72.06,30.03,N
18/6/2013,3.71,70.69,30.49,N
19/6/2013,4.02,77.5,30.34,N
20/6/2013,3.72,80.19,30.1,N
21/6/2013,2.87,79,29.58,N
22/6/2013,2.57,76.94,29.65,N
23/6/2013,4.14,77.44,30.1,N
24/6/2013,3.16,76.69,29.97,N
25/6/2013,2.43,78.06,29.52,N
26/6/2013,2.05,78.25,28.59,N
27/6/2013,2.34,75.69,28.98,N
28/6/2013,2.02,74.19,29.4,N
29/6/2013,2.15,78.31,29.32,N
30/6/2013,2.21,83.25,28.65,N
1/7/2013,3.11,79.38,29.09,N
2/7/2013,3.26,80.44,28.92,N
3/7/2013,2.8,78.5,28.72,N
4/7/2013,2.68,76.5,28.98,N
5/7/2013,4.04,77.69,27.68,N
6/7/2013,4.08,74.62,28.87,N
7/7/2013,3.69,75.62,29.56,N
8/7/2013,3.02,77.5,29.26,N
9/7/2013,2.91,78.94,28.48,N
10/7/2013,3.43,79.12,28.47,N
11/7/2013,2.02,68.44,28.65,N
12/7/2013,2.68,74.69,28.3,N
13/7/2013,4.27,77.06,27.78,N
14/7/2013,4.51,77,27.83,N
15/7/2013,4.12,79.44,28.21,N
16/7/2013,2.78,75.94,28.76,N
17/7/2013,1.31,78.31,27.34,N
18/7/2013,5.71,83.62,27.79,N
19/7/2013,4.28,80,28.59,N
20/7/2013,3.23,79.62,28.93,N
21/7/2013,3.12,82.94,28.6,N
22/7/2013,4.44,77.44,29.42,N
23/7/2013,5.12,77.75,29.61,N
24/7/2013,4.12,79.62,29.16,N
25/7/2013,3.56,80,28.58,N
26/7/2013,2.66,78.06,28.46,N
27/7/2013,4.45,80.88,27.83,N
28/7/2013,3.38,74.31,29.23,N
29/7/2013,4.28,82.5,28.49,N
30/7/2013,4.26,80.12,28.82,N
31/7/2013,4.66,82,28.83,N
1/8/2013,5.87,84.62,28.05,N
2/8/2013,7.05,79,28.61,N
3/8/2013,5.34,77.5,29.1,N
4/8/2013,3.88,79.69,28.74,N
5/8/2013,4.11,81.38,28.23,N
6/8/2013,3.05,79.12,28.69,N
7/8/2013,3.12,81.94,28.36,N
8/8/2013,4.81,82.19,28.01,N
9/8/2013,4.78,81.38,28.15,N
10/8/2013,3.73,80.94,27.94,N
11/8/2013,4,83.94,27.42,N
12/8/2013,4.73,83.19,28.01,N
13/8/2013,5.14,86.31,27.95,N
14/8/2013,5.57,83.06,28.42,N
15/8/2013,5.62,80,28.64,N
16/8/2013,4.29,77.31,28.71,N
17/8/2013,3.77,81.25,28.25,N
18/8/2013,3.79,83.94,28.15,N
19/8/2013,4.51,80,28.48,N
20/8/2013,5.49,80.75,28.26,N
21/8/2013,6.16,81.5,28.2,N
22/8/2013,5.98,79.31,28.79,N
23/8/2013,6.03,77.25,28.83,N
24/8/2013,5.39,78.5,28.9,N
25/8/2013,5.55,81.31,28.75,N
26/8/2013,5.71,82.62,28.41,N
27/8/2013,4.85,81.75,28.69,N
28/8/2013,4.45,82.12,28.21,N
29/8/2013,1.98,74.31,28.46,N
30/8/2013,3.27,79.94,28.34,N
31/8/2013,2.34,75,28.5,N
1/9/2013,1.45,74.81,28,N
2/9/2013,1.24,74.12,28.28,N
3/9/2013,1.51,76.31,28.16,N
4/9/2013,1.82,77.44,27.83,N
5/9/2013,3.62,83.56,27.48,N
6/9/2013,3.85,85.19,27.28,N
7/9/2013,4.18,85.88,26.59,N
8/9/2013,1.65,80.38,26.52,N
9/9/2013,2.34,79.5,26.75,N
10/9/2013,3.77,83.25,26.9,N
11/9/2013,3.32,79.88,27.65,N
12/9/2013,4.61,79.56,28.48,N
13/9/2013,4.09,82.31,28.22,N
14/9/2013,4.13,84.44,27.93,N
15/9/2013,4.29,77.12,27.44,N
16/9/2013,3.69,73,28.58,N
17/9/2013,2.66,80.06,27.87,N
18/9/2013,5.23,81.56,28.34,N
19/9/2013,5.51,84.94,28.51,N
20/9/2013,5.75,83.12,28.84,N
21/9/2013,6.35,82.94,28.83,N
22/9/2013,5.66,75.62,29.02,N
23/9/2013,5.72,79,28.83,N
24/9/2013,5.56,80.31,29.06,N
25/9/2013,5.35,85,28.54,N
26/9/2013,3.8,85.06,27.78,N
27/9/2013,3.69,81.06,28.32,N
28/9/2013,2.35,79.81,28.33,N
29/9/2013,1.67,81.31,27.52,N
30/9/2013,2.53,78.75,27.64,N
1/10/2013,4.57,80.44,28.76,N
2/10/2013,4.77,83.75,28.11,N
3/10/2013,4.21,80.62,28.31,N
4/10/2013,2.6,78.06,28.3,N
5/10/2013,4.95,80.69,28.37,N
6/10/2013,5.48,77.69,29.06,N
7/10/2013,4.96,74.5,29.3,N
8/10/2013,3.07,71.12,29.59,N
9/10/2013,2.15,80.75,28.02,N
10/10/2013,1.7,76.56,28.22,N
11/10/2013,1.56,75.12,28.14,N
12/10/2013,2.27,80.56,27.51,N
13/10/2013,2.59,80.06,27.86,N
14/10/2013,4.27,82.81,28.02,N
15/10/2013,6.15,83.62,28.39,N
16/10/2013,5.08,79.88,28.93,N
17/10/2013,5.17,81.94,28.76,N
18/10/2013,4.51,76.19,29.23,N
19/10/2013,3.08,78.94,28.4,N
20/10/2013,3.05,84.31,27.37,N
21/10/2013,2.59,79.38,27.38,N
22/10/2013,2.86,82.69,26.96,N
23/10/2013,2,77.88,27.45,N
24/10/2013,3.09,81,27.65,N
25/10/2013,3.3,79.25,28.28,N
26/10/2013,4.57,78.88,28.58,N
27/10/2013,4.02,83.88,28.01,N
28/10/2013,3.13,84.5,27.48,N
29/10/2013,3.64,81.88,27.78,N
30/10/2013,3.19,80.19,28.01,N
31/10/2013,2.58,78.88,28.05,N
1/11/2013,1.87,76.88,28.01,N
2/11/2013,1.91,76.5,28.02,N
3/11/2013,3.81,84.69,27.58,N
4/11/2013,4.05,85.5,27.38,N
5/11/2013,2.71,87.81,26.82,N
6/11/2013,4.23,84.25,27.51,N
7/11/2013,3.6,84.06,27.63,N
8/11/2013,2.93,81.94,27.81,N
9/11/2013,1.17,77.12,27.55,N
10/11/2013,1.05,79.88,27.58,N
11/11/2013,2.18,79.25,28.08,N
12/11/2013,2.25,80.75,27.73,N
13/11/2013,2.84,78.88,28.12,N
14/11/2013,2.35,80.88,27.83,N
15/11/2013,1.57,75.12,27.92,N
16/11/2013,2.66,76.62,27.75,N
17/11/2013,1.62,79.12,27.26,N
18/11/2013,3.54,77.19,27.76,N
19/11/2013,4.02,85.88,26.87,N
20/11/2013,4.98,82,27.64,N
21/11/2013,3.38,77.94,28.55,N
22/11/2013,3.17,85.38,27.51,N
23/11/2013,3.42,84.31,27.37,N
24/11/2013,2.89,84.94,27.35,N
25/11/2013,3.4,84.88,27.4,N
26/11/2013,2.72,81.69,27.61,N
27/11/2013,1.57,80.12,27.75,N
28/11/2013,2.9,80.62,27.86,N
29/11/2013,3.25,79.06,27.96,N
30/11/2013,5.95,84.12,28.12,N
1/12/2013,8.85,87.75,27.63,N
2/12/2013,7.62,88.06,27.31,N
3/12/2013,6.98,89,27.14,N
4/12/2013,3.94,88.38,26.62,N
5/12/2013,4.66,88.88,26.63,N
6/12/2013,6.08,87.69,27.13,N
7/12/2013,6.23,87.75,27.04,N
8/12/2013,5.63,87.5,26.75,N
9/12/2013,2.97,80.75,26.73,N
10/12/2013,3.8,84.31,26.92,N
11/12/2013,5.58,86.75,27.15,N
12/12/2013,6,84.56,27.29,N
13/12/2013,5.38,84.12,27.16,N
14/12/2013,4.41,87.88,26.65,N
15/12/2013,3.18,88.25,26.76,N
16/12/2013,3.49,86.81,26.83,N
17/12/2013,2.09,82,27.19,N
18/12/2013,4.35,88,26.73,N
19/12/2013,7.27,86.5,27.01,N
20/12/2013,7.82,88.19,26.64,N
21/12/2013,8.6,86.44,26.3,N
22/12/2013,7.95,85.19,26.42,N
23/12/2013,7.98,87.44,26.45,N
24/12/2013,8.57,84.62,26.43,N
25/12/2013,7.85,84.5,26.39,N
26/12/2013,8.34,84.44,26.26,N
27/12/2013,8.86,84.25,26.41,N
28/12/2013,9.3,83.5,26.25,N
29/12/2013,8.75,80.25,26.29,N
30/12/2013,7.95,84.88,26.26,N
31/12/2013,9.1,85.12,26.45,N
1/1/2014,8.16,85.56,26.55,O
2/1/2014,7.3,86.06,26.63,O
3/1/2014,6.56,87.19,26.39,O
4/1/2014,6.3,89,26.28,O
5/1/2014,7.59,87.94,26.03,O
6/1/2014,6.82,85.12,26.34,O
7/1/2014,7.2,85.12,26.26,O
8/1/2014,6.67,87.56,26.2,O
9/1/2014,5.3,87.25,26.28,O
10/1/2014,5.88,88.25,26.61,O
11/1/2014,6.79,87.69,26.41,O
12/1/2014,8.07,86.12,26.52,O
13/1/2014,8.35,84.12,26.3,O
14/1/2014,8.67,80.69,26.26,O
15/1/2014,8.71,78.62,26.02,O
16/1/2014,8.34,78.38,25.9,O
17/1/2014,8.69,79.56,25.75,O
18/1/2014,8.87,79.38,25.74,O
19/1/2014,8.67,77,25.86,O
20/1/2014,8.22,80.06,25.56,O
21/1/2014,8.79,79.94,25.5,O
22/1/2014,8.76,79.19,25.43,O
23/1/2014,8.63,77.81,25.32,O
24/1/2014,7.52,80,25.36,O
25/1/2014,6.12,78.12,25.27,O
26/1/2014,6.62,79.75,25.13,O
27/1/2014,7.13,82.19,25.2,O
28/1/2014,7.11,83.56,25.33,O
29/1/2014,7.21,81,25.39,O
30/1/2014,7.04,80.69,25.47,O
31/1/2014,6.77,77.5,25.32,O
1/2/2014,6.12,74.06,25.3,O
2/2/2014,5.4,77.12,25.23,O
3/2/2014,5.52,76.81,25.34,O
4/2/2014,5.14,77.44,25.46,O
5/2/2014,5.73,79.31,25.3,O
6/2/2014,4.52,79.81,25.41,O
7/2/2014,4.64,81.06,25.73,O
8/2/2014,4.72,84.5,25.66,O
9/2/2014,3.76,85.31,25.97,O
10/2/2014,3.88,85.56,25.94,O
11/2/2014,4.98,85.12,26.07,O
12/2/2014,5.95,82.38,26.58,O
13/2/2014,6.52,85.75,26.26,O
14/2/2014,7.09,85.62,26.28,O
15/2/2014,7.28,83.31,26.23,O
16/2/2014,6.27,80.19,26.58,O
17/2/2014,6.28,83.25,26.38,O
18/2/2014,5.45,83.38,26.44,O
19/2/2014,4.97,81.81,26.43,O
20/2/2014,6.94,83.19,26.55,O
21/2/2014,7.73,83.31,26.41,O
22/2/2014,7.62,80.38,26.43,O
23/2/2014,7.32,83.06,26.17,O
24/2/2014,6.64,79.25,26.16,O
25/2/2014,6.64,83.56,25.93,O
26/2/2014,5.84,80.06,26.43,O
27/2/2014,6.86,82.44,26.42,O
28/2/2014,5.92,80.12,26.65,O
1/3/2014,5.55,78.62,26.55,O
2/3/2014,4.6,81.75,26.21,O
3/3/2014,4.95,82.88,26.13,O
4/3/2014,5.67,81,26.07,O
5/3/2014,4.81,76.88,26.68,O
6/3/2014,4.23,77.75,26.51,O
7/3/2014,5.06,78,26.76,O
8/3/2014,5.65,80.88,26.31,O
9/3/2014,6.02,80.31,26.29,O
10/3/2014,6.24,77.06,26.72,O
11/3/2014,5.98,81.5,26.76,O
12/3/2014,6.15,78.5,27,O
13/3/2014,4.55,83.44,26.79,O
14/3/2014,5.88,83.69,27.13,O
15/3/2014,5.58,87.88,27.28,O
16/3/2014,5.72,89.75,27.1,O
17/3/2014,5.17,88.5,27.08,O
18/3/2014,4.95,84.56,27.27,O
19/3/2014,4.17,78.81,27.54,O
20/3/2014,3.59,82.81,27.25,O
21/3/2014,3.63,80.81,27.2,O
22/3/2014,5.89,79.06,27.27,O
23/3/2014,5.73,74.12,27.67,O
24/3/2014,5.04,81.12,27.44,O
25/3/2014,5.98,83.38,27.65,O
26/3/2014,5.49,83.69,27.65,O
27/3/2014,4.65,86.12,27.59,O
28/3/2014,2.77,86.25,27.58,O
29/3/2014,2.8,81.06,27.86,O
30/3/2014,2.55,79.62,27.91,O
31/3/2014,2.55,80.88,28.14,O
1/4/2014,1.64,79,27.9,O
2/4/2014,2.02,76.06,28.19,O
3/4/2014,2.34,76.12,28.73,O
4/4/2014,1.84,77.69,28.45,O
5/4/2014,2.37,81.31,27.66,O
6/4/2014,3.88,81.06,28.03,O
7/4/2014,2.11,72.94,28.42,O
8/4/2014,1.66,73.56,28.33,O
9/4/2014,2.74,76.94,28.12,O
10/4/2014,2.62,81.06,27.88,O
11/4/2014,1.93,80.06,28,O
12/4/2014,1.88,81.12,27.64,O
13/4/2014,3.04,76.44,28.4,O
14/4/2014,2.4,69.25,28.63,O
15/4/2014,2.57,71.25,28.51,O
16/4/2014,1.81,76.69,28.41,O
17/4/2014,2.81,76.81,28.76,O
18/4/2014,2.69,77.5,28.78,O
19/4/2014,2.8,77.25,28.92,O
20/4/2014,2.98,80.06,28.7,O
21/4/2014,2.51,81.19,28.48,O
22/4/2014,2.63,78.88,28.89,O
23/4/2014,1.65,75.38,29.06,O
24/4/2014,2.11,73.69,29.48,O
25/4/2014,2.03,72.69,29.66,O
26/4/2014,2.78,71.5,29.87,O
27/4/2014,2.22,74.69,29.61,O
28/4/2014,1.8,69.62,29.6,O
29/4/2014,1.69,71.5,29.58,O
30/4/2014,1.77,68.81,29.92,O
1/5/2014,1.41,70.12,30.01,O
2/5/2014,2.11,72.94,30.01,O
3/5/2014,3.09,73.94,30.13,O
4/5/2014,2.88,73.81,30.12,O
5/5/2014,4.02,75,30.3,O
6/5/2014,3.21,74.19,30.31,O
7/5/2014,2.34,80.5,29.23,O
8/5/2014,2.15,75.88,28.8,O
9/5/2014,2.7,72.94,29.56,O
10/5/2014,1.95,73.69,29.69,O
11/5/2014,1.27,69.19,29.97,O
12/5/2014,3.12,75.62,30.13,O
13/5/2014,1.99,70.56,30.33,O
14/5/2014,3.23,78.12,29.58,O
15/5/2014,3.86,78.44,29.6,O
16/5/2014,2.65,80.25,29.46,O
17/5/2014,2.45,79.81,29.05,O
18/5/2014,1.91,78.62,28.74,O
19/5/2014,1.55,79.69,28.53,O
20/5/2014,1.65,78.38,28.37,O
21/5/2014,1.79,73.94,29.09,O
22/5/2014,1.8,73.38,29.53,O
23/5/2014,2.02,79.75,28.62,O
24/5/2014,2.64,73,28.85,O
25/5/2014,1.99,67.56,29.68,O
26/5/2014,1.62,73,29.56,O
27/5/2014,1.97,77.38,29.09,O
28/5/2014,2.47,80.56,29.15,O
29/5/2014,1.26,76.5,29.27,O
30/5/2014,2.48,80.38,28.98,O
31/5/2014,4.77,80,29.5,O
1/6/2014,3.28,80.62,29.29,O
2/6/2014,2.02,79.56,28.86,O
3/6/2014,3.27,80.25,29.3,O
4/6/2014,3.08,82.12,29.1,O
5/6/2014,4.13,81.75,29,O
6/6/2014,3.36,82.31,28.93,O
7/6/2014,4.09,83.88,29.11,O
8/6/2014,3.91,81.44,29.65,O
9/6/2014,2.91,78.75,29.69,O
10/6/2014,3.2,80.5,29.6,O
11/6/2014,4.12,81.56,29.94,O
12/6/2014,4.38,81.12,29.94,O
13/6/2014,5.55,73.38,29.94,O
14/6/2014,5.43,79.62,29.53,O
15/6/2014,4.43,75.81,29.79,O
16/6/2014,5.15,80.62,29.79,O
17/6/2014,4.54,82.12,29.73,O
18/6/2014,4.81,82.94,29.47,O
19/6/2014,5.88,78.44,29.8,O
20/6/2014,5.52,83.94,29.6,O
21/6/2014,5.52,84.5,29.67,O
22/6/2014,4.88,81.94,29.41,O
23/6/2014,2.4,80.94,29.27,O
24/6/2014,3.85,84.31,29.18,O
25/6/2014,4.49,85.12,29.14,O
26/6/2014,4.17,82.12,29.42,O
27/6/2014,5.27,82.38,29.08,O
28/6/2014,5.26,77.5,29.38,O
29/6/2014,3.76,79.25,29.28,O
30/6/2014,3.89,84.25,28.77,O
1/7/2014,2.41,81.44,28.83,O
2/7/2014,3.31,81.06,29.1,O
3/7/2014,3.69,80.38,29.21,O
4/7/2014,5.17,81.56,29.48,O
5/7/2014,3.04,82.94,28.93,O
6/7/2014,4.59,82.44,29.33,O
7/7/2014,4.91,80.88,29.38,O
8/7/2014,4.42,78.5,28.87,O
9/7/2014,5.96,80.88,28.9,O
10/7/2014,2.97,79.25,28.87,O
11/7/2014,2.5,77.44,28.8,O
12/7/2014,4.43,83.69,27.83,O
13/7/2014,5.53,76.69,29.21,O
14/7/2014,5.45,71.62,29.36,O
15/7/2014,4.93,80.06,29.42,O
16/7/2014,2.87,82.81,28.91,O
17/7/2014,5.54,86.06,28.63,O
18/7/2014,6.31,83.69,29.13,O
19/7/2014,5.23,82.88,29.12,O
20/7/2014,4.1,81.5,29.01,O
21/7/2014,4.92,81,29.26,O
22/7/2014,5.14,82.5,29.18,O
23/7/2014,6.49,80.38,28.85,O
24/7/2014,6.3,80.94,29.3,O
25/7/2014,5.63,80.06,29.37,O
26/7/2014,5.93,81.12,29.35,O
27/7/2014,4.59,82.44,28.94,O
28/7/2014,4.64,82.19,28.97,O
29/7/2014,3.46,85.56,28.4,O
30/7/2014,3.94,85.56,28.31,O
31/7/2014,5.18,85.38,28.39,O
1/8/2014,5.95,80.31,28.69,O
2/8/2014,5.62,81.75,28.45,O
3/8/2014,3.63,81.75,28.65,O
4/8/2014,4.53,82.25,28.78,O
5/8/2014,4.93,84.12,28.38,O
6/8/2014,3.89,84.12,28.25,O
7/8/2014,4.25,78.38,28.36,O
8/8/2014,4.97,79.31,28.36,O
9/8/2014,4.33,78.56,28.48,O
10/8/2014,3.37,81.69,28.15,O
11/8/2014,4.32,82.12,27.92,O
12/8/2014,4.52,78.12,28.3,O
13/8/2014,3.87,80.25,27.79,O
14/8/2014,4.44,82.12,27.84,O
15/8/2014,4.1,81.75,27.76,O
16/8/2014,4.09,80.69,27.83,O
17/8/2014,4.71,82.44,28.01,O
18/8/2014,4.45,83.44,28.12,O
19/8/2014,3.29,81.94,28.08,O
20/8/2014,3.35,80.44,28.2,O
21/8/2014,3.91,80.5,28.27,O
22/8/2014,4.3,80.81,28.45,O
23/8/2014,2.84,79.5,28.48,O
24/8/2014,1.27,76.69,28.01,O
25/8/2014,4.65,82.19,28.06,O
26/8/2014,3.98,83.06,27.9,O
27/8/2014,4.97,83.62,27.99,O
28/8/2014,3.62,81.69,27.81,O
29/8/2014,1.73,74.69,27.38,O
30/8/2014,2.89,75.12,28.19,O
31/8/2014,2.9,78.38,28.38,O
1/9/2014,3.14,79.19,28.43,O
2/9/2014,2.84,79.25,28.53,O
3/9/2014,3.08,78.88,28.16,O
4/9/2014,2.35,76.62,28.28,O
5/9/2014,3.16,77.94,28.23,O
6/9/2014,3.45,76.19,28.14,O
7/9/2014,2.31,75.88,28.08,O
8/9/2014,3.56,79.44,28.46,O
9/9/2014,4.74,81.94,28.42,O
10/9/2014,4.01,80.44,28.6,O
11/9/2014,3.52,79.69,28.45,O
12/9/2014,4.17,78,28.78,O
13/9/2014,4.28,80.88,28.73,O
14/9/2014,5.27,81.62,28.83,O
15/9/2014,5.41,77.94,28.83,O
16/9/2014,5.25,76.81,28.89,O
17/9/2014,4.06,78.94,28.62,O
18/9/2014,3.17,81.75,28.56,O
19/9/2014,2.44,79.69,28.69,O
20/9/2014,2.19,78.75,28.34,O
21/9/2014,4.41,81.12,28.27,O
22/9/2014,5.3,76.56,28.81,O
23/9/2014,3.96,78.44,28.55,O
24/9/2014,2.29,80.81,28.31,O
25/9/2014,1.8,77.88,27.9,O
26/9/2014,1.19,70.31,28.53,O
27/9/2014,2.82,76.69,28.76,O
28/9/2014,2.72,74.44,28.97,O
29/9/2014,2.91,76.38,28.99,O
30/9/2014,2.65,76.25,28.84,O
1/10/2014,2.48,72.75,29.08,O
2/10/2014,2.55,75.19,29.09,O
3/10/2014,2.77,78.31,28.77,O
4/10/2014,3.44,80.5,27.94,O
5/10/2014,2.91,82.12,26.87,O
6/10/2014,2.3,77.19,27.62,O
7/10/2014,4.52,80.62,28.82,O
8/10/2014,2.81,78.81,28.68,O
9/10/2014,1.84,78.19,28.55,O
10/10/2014,1.97,76.38,28.8,O
11/10/2014,2.79,80.38,28.47,O
12/10/2014,1.35,74.31,28.37,O
13/10/2014,2.36,76.81,28.17,O
14/10/2014,1.79,78.81,28.26,O
15/10/2014,2.24,77.69,28.73,O
16/10/2014,2.9,77.38,28.9,O
17/10/2014,2.08,76.81,28.76,O
18/10/2014,1.03,77.88,27.94,O
19/10/2014,2.14,75.5,27.95,O
20/10/2014,1.41,75.12,28.16,O
21/10/2014,1.59,75.62,28.37,O
22/10/2014,2.45,83.12,27.61,O
23/10/2014,2.45,79.62,28.01,O
24/10/2014,2.08,76.88,28.48,O
25/10/2014,1.98,72.81,29.06,O
26/10/2014,2.8,75.62,29.15,O
27/10/2014,2.55,79.12,28.5,O
28/10/2014,1.15,74,28.5,O
29/10/2014,1.24,74,28.5,O
30/10/2014,2.12,77.88,28.62,O
31/10/2014,1.88,76.94,28.72,O
1/11/2014,1.57,76.88,28.45,O
2/11/2014,2.56,78.88,28.81,O
3/11/2014,3.06,78.38,29.03,O
4/11/2014,2.91,78.75,28.87,O
5/11/2014,4.75,80.88,28.42,O
6/11/2014,4,81.38,27.62,O
7/11/2014,5.48,82.94,28.05,O
8/11/2014,3.59,83.06,27.39,O
9/11/2014,3.2,79.62,28.01,O
10/11/2014,3.08,78.19,28.28,O
11/11/2014,1.36,78.56,27.69,O
12/11/2014,1.21,79.81,27.01,O
13/11/2014,1.93,81.38,27.43,O
14/11/2014,3.61,83.31,27.55,O
15/11/2014,4.27,83.44,27.63,O
16/11/2014,6.16,85.06,27.83,O
17/11/2014,5.67,85.94,27.77,O
18/11/2014,5.28,86.62,27.55,O
19/11/2014,4.02,84.19,27.51,O
20/11/2014,3.38,84.38,27.56,O
21/11/2014,2.54,85.44,27.6,O
22/11/2014,1.95,82.44,27.89,O
23/11/2014,2.79,81.56,28.15,O
24/11/2014,2.68,86.5,27.48,O
25/11/2014,2.32,83.56,27.47,O
26/11/2014,2.28,84.44,27.64,O
27/11/2014,1.22,81.44,27.62,O
28/11/2014,2.71,82.31,27.6,O
29/11/2014,2.06,83.44,27.13,O
30/11/2014,2.66,82.19,27.27,O
1/12/2014,1.97,81.62,27.21,O
2/12/2014,2.34,78.44,27.48,O
3/12/2014,1.4,77.19,28.08,O
4/12/2014,2.41,81.31,27.6,O
5/12/2014,2.24,75.25,28.07,O
6/12/2014,2.49,83.12,27.18,O
7/12/2014,4.3,86.56,27.32,O
8/12/2014,3.37,84.81,27.32,O
9/12/2014,6.3,76.56,28.38,O
10/12/2014,6.94,75.12,28.21,O
11/12/2014,6.34,80.94,27.89,O
12/12/2014,6.34,81.69,28.08,O
13/12/2014,5.19,82.88,27.95,O
14/12/2014,6.38,87.44,27.62,O
15/12/2014,6.05,89.19,27.28,O
16/12/2014,6.57,87.94,27.36,O
17/12/2014,6.12,86.62,27.61,O
18/12/2014,8.57,86.12,27.93,O
19/12/2014,8.49,88.94,27.39,O
20/12/2014,6.07,86.75,27.26,O
21/12/2014,7.71,86.06,27.78,O
22/12/2014,7.56,85.81,27.85,O
23/12/2014,7.77,87,27.94,O
24/12/2014,5.89,88.44,27.37,O
25/12/2014,4.52,88.38,27.27,O
26/12/2014,4.73,87.88,27.01,O
27/12/2014,5.09,86.56,26.98,O
28/12/2014,5.67,87.94,26.31,O
29/12/2014,8.88,86.81,26.59,O
30/12/2014,7.9,82.88,26.72,O
31/12/2014,7.38,82.62,26.9,O
1/1/2015,8.74,81.38,27.12,P
2/1/2015,8.02,80.06,26.86,P
3/1/2015,8.78,85.5,26.55,P
4/1/2015,8.66,87.75,26.61,P
5/1/2015,6.4,88.62,26.43,P
6/1/2015,6.91,89.31,26.3,P
7/1/2015,4.77,89.06,26.08,P
8/1/2015,8.03,87.38,26.5,P
9/1/2015,6.05,87.81,25.73,P
10/1/2015,6.35,85.69,26.13,P
11/1/2015,6.81,85.25,26.41,P
12/1/2015,7.2,82.62,26.8,P
13/1/2015,8.28,82.56,26.79,P
14/1/2015,8.52,82.69,26.7,P
15/1/2015,8.24,82.12,26.68,P
16/1/2015,8.25,81.81,26.46,P
17/1/2015,7.86,79.88,26.38,P
18/1/2015,7.64,79,26.47,P
19/1/2015,7.19,79.12,26.08,P
20/1/2015,6.7,81.38,26.19,P
21/1/2015,6.12,82.44,26.23,P
22/1/2015,7.15,79.38,26.3,P
23/1/2015,6.91,83.06,25.83,P
24/1/2015,6.03,80.25,25.75,P
25/1/2015,5.54,81.38,26,P
26/1/2015,5.62,78.62,26.27,P
27/1/2015,5.7,78.12,26.44,P
28/1/2015,5.89,82.81,26.15,P
29/1/2015,6.04,87.56,26.06,P
30/1/2015,6.45,84.06,26.26,P
31/1/2015,7.38,80.31,26.04,P
1/2/2015,7.51,79.31,25.99,P
2/2/2015,7.98,82.88,25.92,P
3/2/2015,8.1,88,25.65,P
4/2/2015,8.47,88.06,25.69,P
5/2/2015,8.34,84.88,25.94,P
6/2/2015,8.71,83.69,25.98,P
7/2/2015,7.62,80.94,26.01,P
8/2/2015,8.28,80.81,26.19,P
9/2/2015,8.3,79.44,26.14,P
10/2/2015,7.55,77.25,25.93,P
11/2/2015,6.15,80.31,25.35,P
12/2/2015,6.16,78.31,25.65,P
13/2/2015,6.15,77.5,25.86,P
14/2/2015,4.59,77.31,26.03,P
15/2/2015,4.54,80.62,26.08,P
16/2/2015,5.77,83.5,26.34,P
17/2/2015,5.01,80.06,26.57,P
18/2/2015,5.29,88,26.18,P
19/2/2015,4.4,86.25,26.19,P
20/2/2015,4.53,84.88,26.17,P
21/2/2015,4.44,80.25,26.3,P
22/2/2015,5.09,83.06,26.38,P
23/2/2015,4.94,80.06,26.6,P
24/2/2015,4.2,80.38,26.8,P
25/2/2015,4.04,77.31,26.64,P
26/2/2015,3.54,82.19,26.45,P
27/2/2015,4.09,81.12,26.83,P
28/2/2015,5.13,79.06,27.62,P
1/3/2015,5.81,81.81,27.26,P
2/3/2015,4.95,83.69,26.81,P
3/3/2015,4.05,83.5,26.72,P
4/3/2015,3.05,80.69,26.54,P
5/3/2015,3.12,78.38,26.77,P
6/3/2015,2.8,79,26.56,P
7/3/2015,3.37,79.38,27.1,P
8/3/2015,3.82,84.62,26.87,P
9/3/2015,5.37,81.81,27.44,P
10/3/2015,5.39,83.19,27.33,P
11/3/2015,6.97,80.62,27.26,P
12/3/2015,5.77,71.94,27.42,P
13/3/2015,4.94,74.06,27.2,P
14/3/2015,5.24,77.38,27.15,P
15/3/2015,4.4,80.12,27.19,P
16/3/2015,3.04,80.94,27.06,P
17/3/2015,3.23,76.94,27.55,P
18/3/2015,3.23,79,27.14,P
19/3/2015,3.07,79.56,26.75,P
20/3/2015,1.92,74.25,27,P
21/3/2015,2.44,73.75,27.16,P
22/3/2015,3.55,77.56,27.28,P
23/3/2015,4.02,79.5,27.33,P
24/3/2015,4.84,80.44,27.48,P
25/3/2015,6.51,81.69,27.8,P
26/3/2015,6.48,80.69,28.05,P
27/3/2015,6.37,80.19,28.13,P
28/3/2015,6.04,81.44,27.94,P
29/3/2015,5.21,80.31,28.17,P
30/3/2015,3.87,80.31,28.22,P
31/3/2015,3.73,83.88,27.96,P
1/4/2015,3.51,85.62,27.74,P
2/4/2015,2.57,84.12,27.76,P
3/4/2015,1.23,80.5,27.73,P
4/4/2015,2.28,76.94,28.53,P
5/4/2015,2.46,79.19,28.34,P
6/4/2015,2.37,77.88,28.3,P
7/4/2015,4.66,80.31,28.77,P
8/4/2015,5.55,80.62,28.59,P
9/4/2015,5.05,78.94,28.74,P
10/4/2015,4.13,79.62,28.51,P
11/4/2015,3.19,76.19,28.64,P
12/4/2015,3.8,80.69,28.13,P
13/4/2015,4.13,79,28.26,P
14/4/2015,4.5,77.5,28.42,P
15/4/2015,4.9,75.25,28.64,P
16/4/2015,3.27,77.31,28.44,P
17/4/2015,2.51,75.25,28.92,P
18/4/2015,1.5,77.56,28.31,P
19/4/2015,1.61,77.5,28.58,P
20/4/2015,1.66,77,28.73,P
21/4/2015,0.98,77.06,28.51,P
22/4/2015,1.65,77.44,28.44,P
23/4/2015,3.06,76.5,28.94,P
24/4/2015,2.97,81.44,28.34,P
25/4/2015,3.42,84,27.94,P
26/4/2015,3.84,82.56,28.27,P
27/4/2015,1.89,81.06,27.71,P
28/4/2015,2.22,76.56,28.19,P
29/4/2015,1.45,79.44,28.15,P
30/4/2015,1.98,81.06,28.26,P
1/5/2015,1.15,78.69,28.05,P
2/5/2015,1.29,77.25,28.29,P
3/5/2015,3.12,81.94,28.21,P
4/5/2015,3,81.69,28.46,P
5/5/2015,2.95,80.31,28.83,P
6/5/2015,2.53,79.94,28.9,P
7/5/2015,3.65,79.31,29.32,P
8/5/2015,3.05,80.81,28.94,P
9/5/2015,4.39,83.44,28.87,P
10/5/2015,3.58,82.38,29.02,P
11/5/2015,2.63,78.31,29.23,P
12/5/2015,2.64,79.25,29.22,P
13/5/2015,1.91,77.81,28.95,P
14/5/2015,2.46,73.5,29.67,P
15/5/2015,1.8,73.38,29.38,P
16/5/2015,3.54,80,29.12,P
17/5/2015,3.09,80.06,29.05,P
18/5/2015,2.95,81.31,28.87,P
19/5/2015,3.88,83.94,29.12,P
20/5/2015,5.02,84.19,29.44,P
21/5/2015,4.08,82.69,29.14,P
22/5/2015,3.94,80.69,29.01,P
23/5/2015,3.2,84.12,27.95,P
24/5/2015,2.66,79.19,28.51,P
25/5/2015,3.55,81.56,28.8,P
26/5/2015,2.73,81.5,28.48,P
27/5/2015,3.04,77.56,28.72,P
28/5/2015,2.93,77.5,28.88,P
29/5/2015,4.07,77.38,29.51,P
30/5/2015,4.39,77.69,29.63,P
31/5/2015,2.34,75.25,29.19,P
1/6/2015,2.48,72,29.26,P
2/6/2015,2.94,79.31,29.01,P
3/6/2015,2.72,75.75,29.13,P
4/6/2015,2.82,75.12,29.45,P
5/6/2015,1.73,72.44,29.65,P
6/6/2015,0.93,69.62,29.77,P
7/6/2015,3.03,76.44,29.16,P
8/6/2015,2.86,78.62,28.9,P
9/6/2015,2.44,81.56,28.51,P
10/6/2015,2.43,82.62,28.42,P
11/6/2015,3.53,80.56,28.79,P
12/6/2015,4.02,81.56,28.5,P
13/6/2015,3.32,81.25,28.19,P
14/6/2015,4.16,83.88,28.04,P
15/6/2015,4.98,86.12,28.01,P
16/6/2015,5.23,81.12,28.43,P
17/6/2015,4.01,76.31,28.83,P
18/6/2015,3.66,78.62,28.94,P
19/6/2015,5.42,83.56,28.89,P
20/6/2015,4.39,83.75,28.87,P
21/6/2015,4.88,83.69,29.01,P
22/6/2015,5.45,81.25,29.3,P
23/6/2015,6.09,83.56,29.06,P
24/6/2015,5.73,83.38,29.03,P
25/6/2015,5.31,80.69,29.12,P
26/6/2015,4.99,78.75,29.12,P
27/6/2015,5.44,82.62,28.8,P
28/6/2015,5.98,84.06,28.76,P
29/6/2015,4.76,81.12,29.03,P
30/6/2015,4.18,81.31,28.9,P
1/7/2015,4.84,83.56,28.58,P
2/7/2015,5.8,84.75,28.56,P
3/7/2015,6.44,83.56,28.76,P
4/7/2015,7.69,84.62,28.17,P
5/7/2015,6.67,79.56,28.99,P
6/7/2015,6.31,82.06,28.77,P
7/7/2015,5.74,83.62,28.67,P
8/7/2015,4.93,85.38,28.55,P
9/7/2015,4.7,85,28.48,P
10/7/2015,3.9,86.5,27.86,P
11/7/2015,5.52,85.75,28.4,P
12/7/2015,5.58,85.19,28.55,P
13/7/2015,5.37,84.88,28.5,P
14/7/2015,5.85,84.12,28.58,P
15/7/2015,4.89,83.5,28.57,P
16/7/2015,4.28,85.06,28.72,P
17/7/2015,3.9,84.56,28.62,P
18/7/2015,4.77,85.5,28.62,P
19/7/2015,4.3,81.88,28.42,P
20/7/2015,4.66,79.69,28.51,P
21/7/2015,4.03,81.81,28.45,P
22/7/2015,3.55,82.75,28.3,P
23/7/2015,3.79,79.88,28.4,P
24/7/2015,2.82,79.38,28.3,P
25/7/2015,3.77,79.81,28.33,P
26/7/2015,4.46,81.25,28.45,P
27/7/2015,4.07,76.75,28.35,P
28/7/2015,3.94,78.81,28.2,P
29/7/2015,4.05,80.56,28.28,P
30/7/2015,2.77,80.31,28.01,P
31/7/2015,2.84,82.56,27.66,P
1/8/2015,3.19,80.19,27.71,P
2/8/2015,4.12,81.06,28.15,P
3/8/2015,4.2,83.44,27.45,P
4/8/2015,3.62,84.75,26.94,P
5/8/2015,3.16,82.56,27.65,P
6/8/2015,3.76,84.19,27.66,P
7/8/2015,5.6,85.75,27.92,P
8/8/2015,5.31,84.06,28.09,P
9/8/2015,3.66,82.31,27.94,P
10/8/2015,4.7,83,28.37,P
11/8/2015,3.7,85.62,28.21,P
12/8/2015,3.3,85.56,27.8,P
13/8/2015,3.27,83.06,27.98,P
14/8/2015,3.23,81.44,28.27,P
15/8/2015,3.53,80.31,28.44,P
16/8/2015,2.94,79.56,28.51,P
17/8/2015,4.4,81.81,28.3,P
18/8/2015,5.13,78.06,28.65,P
19/8/2015,5.54,79.44,28.58,P
20/8/2015,6.3,81.56,28.6,P
21/8/2015,5.71,83.56,28.18,P
22/8/2015,5.75,84.88,28.12,P
23/8/2015,6.02,81.69,28.18,P
24/8/2015,5.43,81.38,28.11,P
25/8/2015,4.29,81.38,28.17,P
26/8/2015,3.06,80.31,27.84,P
27/8/2015,2.58,77.44,28.19,P
28/8/2015,2.91,81.75,28.08,P
29/8/2015,4.59,82.19,28.46,P
30/8/2015,5.5,82,28.58,P
31/8/2015,5.82,79.69,28.58,P
1/9/2015,4.68,79.56,28.44,P
2/9/2015,5.01,82.44,28.35,P
3/9/2015,4.49,82.75,28.43,P
4/9/2015,2.92,80.69,28.37,P
5/9/2015,3.29,83.5,28.15,P
6/9/2015,3.91,83.56,28.06,P
7/9/2015,4.95,81.12,28.16,P
8/9/2015,5.23,81.19,28.37,P
9/9/2015,5.03,79.94,27.8,P
10/9/2015,5.46,80.31,28.22,P
11/9/2015,4.11,79.38,28.14,P
12/9/2015,4.61,80.44,28.04,P
13/9/2015,3.99,82.38,28.23,P
14/9/2015,5.66,85.19,28.14,P
15/9/2015,4.43,87.69,27.51,P
16/9/2015,5.27,86,27.95,P
17/9/2015,4.34,82.25,28.17,P
18/9/2015,3.25,81.06,27.91,P
19/9/2015,3.29,84,28.25,P
20/9/2015,1.14,76.31,28.53,P
21/9/2015,2.88,78.75,28.46,P
22/9/2015,4.98,81.88,28.64,P
23/9/2015,4.3,80.31,28.53,P
24/9/2015,3.83,81.06,28.42,P
25/9/2015,5.44,83.12,27.83,P
26/9/2015,4.86,82.25,27.8,P
27/9/2015,4.08,82.44,27.92,P
28/9/2015,2.9,84.81,27.65,P
29/9/2015,1.98,83.44,27.7,P
30/9/2015,2.28,82.62,28.05,P
1/10/2015,2.63,83.44,28.08,P
2/10/2015,2.74,79.5,28.16,P
3/10/2015,4.41,80.94,28.46,P
4/10/2015,3.45,84.19,28.2,P
5/10/2015,1.17,82.69,27.61,P
6/10/2015,1.87,77.75,28.11,P
7/10/2015,1.86,77.56,28.24,P
8/10/2015,1.37,74.31,28.43,P
9/10/2015,2.12,75.31,28.63,P
10/10/2015,2.76,76.38,28.63,P
11/10/2015,2.4,76,28.63,P
12/10/2015,2.45,75.69,28.87,P
13/10/2015,2.37,75.56,28.95,P
14/10/2015,1.46,72.56,28.98,P
15/10/2015,1.88,73.75,29.13,P
16/10/2015,1.32,72.62,28.95,P
17/10/2015,2.44,71.31,29.08,P
18/10/2015,3.11,76.94,28.9,P
19/10/2015,3.85,81.62,28.78,P
20/10/2015,4.76,80.44,28.55,P
21/10/2015,3.52,76.94,28.69,P
22/10/2015,3.26,73.12,29.2,P
23/10/2015,2.76,80.44,28.91,P
24/10/2015,3.15,80.56,28.79,P
25/10/2015,2.12,80.19,28.51,P
26/10/2015,2.45,80.25,28.29,P
27/10/2015,2.59,80.25,28.11,P
28/10/2015,3.21,81.62,27.55,P
29/10/2015,3.52,78.06,28.4,P
30/10/2015,2.68,83.88,27.09,P
31/10/2015,2.99,85.12,27.12,P
1/11/2015,3.57,80,27.98,P
2/11/2015,3.24,81.44,28.06,P
3/11/2015,3.05,82.56,27.85,P
4/11/2015,2.41,82.5,27.95,P
5/11/2015,1.62,77.94,28.54,P
6/11/2015,1.91,76.19,28.87,P
7/11/2015,2.84,77.31,28.69,P
8/11/2015,2.41,78.31,27.96,P
9/11/2015,1.2,77.81,27.8,P
10/11/2015,2.26,79,28.33,P
11/11/2015,2.33,80.06,27.95,P
12/11/2015,1.52,76.88,27.74,P
13/11/2015,1.52,74.75,28.41,P
14/11/2015,3.25,78.25,28.94,P
15/11/2015,2.91,79.94,28.61,P
16/11/2015,1.91,80.75,27.61,P
17/11/2015,1.62,76.94,27.63,P
18/11/2015,2.21,76.5,28.51,P
19/11/2015,3.06,79.75,28.71,P
20/11/2015,3.7,82.56,28.11,P
21/11/2015,2.05,83.06,27.46,P
22/11/2015,1.17,81.19,27.55,P
23/11/2015,1.84,81.44,27.8,P
24/11/2015,2.25,81.69,27.83,P
25/11/2015,2.4,85.88,27.27,P
26/11/2015,5.56,85.44,27.66,P
27/11/2015,5.22,84.69,28.08,P
28/11/2015,3.47,84.31,27.76,P
29/11/2015,2.78,82.5,27.7,P
30/11/2015,3.36,83.69,27.56,P
1/12/2015,3.12,81.12,27.76,P
2/12/2015,2.37,79.38,27.86,P
3/12/2015,3.86,79.38,28.64,P
4/12/2015,2.96,80.38,28.63,P
5/12/2015,3.19,83.38,28.34,P
6/12/2015,4.35,86,28.2,P
7/12/2015,4.91,85.44,28.23,P
8/12/2015,2.99,82.56,28.44,P
9/12/2015,1.15,83,27.87,P
10/12/2015,2.86,85.62,27.89,P
11/12/2015,2.89,86.75,27.75,P
12/12/2015,3.44,87.44,27.29,P
13/12/2015,1.64,86.75,26.9,P
14/12/2015,3.43,79.19,28.25,P
15/12/2015,5.78,80.56,28.2,P
16/12/2015,6.01,77.81,28.5,P
17/12/2015,8.17,79.5,28.22,P
18/12/2015,9.05,78.56,28.05,P
19/12/2015,7.82,78.56,28.09,P
20/12/2015,7,83,27.75,P
21/12/2015,6.68,82.19,27.89,P
22/12/2015,3.52,80.31,28.07,P
23/12/2015,1.71,81.06,27.89,P
24/12/2015,4.24,83.75,27.81,P
25/12/2015,6.16,82.31,28.11,P
26/12/2015,6.4,78.94,28.09,P
27/12/2015,6.77,83.81,27.94,P
28/12/2015,8.24,84.38,27.87,P
29/12/2015,8.33,78.38,28.15,P
30/12/2015,8.1,80.31,27.94,P
31/12/2015,8.17,83,27.84,P
1/1/2016,9.03,82.19,27.98,Q
2/1/2016,6.83,83.62,27.8,Q
3/1/2016,5.45,84.38,27.83,Q
4/1/2016,4.27,81,28.1,Q
5/1/2016,4.95,86.25,27.58,Q
6/1/2016,5.34,81.62,28.11,Q
7/1/2016,5.51,75.25,28.47,Q
8/1/2016,6.05,84.06,27.69,Q
9/1/2016,6.27,81.44,28.01,Q
10/1/2016,5.09,79.31,28.21,Q
11/1/2016,4.13,80,28.12,Q
12/1/2016,5.41,82.75,28.07,Q
13/1/2016,5.13,82.12,28.19,Q
14/1/2016,4.6,85,28.05,Q
15/1/2016,4.38,80.94,28.47,Q
16/1/2016,3.39,78.5,28.48,Q
17/1/2016,2.98,83,28.02,Q
18/1/2016,3.23,83.62,28.07,Q
19/1/2016,4.99,80.88,28.3,Q
20/1/2016,4.09,75.94,28.33,Q
21/1/2016,4.41,80.38,28.12,Q
22/1/2016,5.85,84.88,27.98,Q
23/1/2016,5.73,84.44,28.05,Q
24/1/2016,8.32,81,28.37,Q
25/1/2016,9.73,81.56,28.19,Q
26/1/2016,8.19,83.44,28.03,Q
27/1/2016,6.45,84.12,28.07,Q
28/1/2016,5.91,83.81,28.21,Q
29/1/2016,5.97,82.69,28.23,Q
30/1/2016,5.62,81.69,28,Q
31/1/2016,6,84.5,27.66,Q
1/2/2016,6.75,84.12,27.51,Q
2/2/2016,6.53,81.5,27.9,Q
3/2/2016,5.91,84.56,27.71,Q
4/2/2016,7.57,87.62,27.59,Q
5/2/2016,6.56,87.81,27.76,Q
6/2/2016,8.82,86.44,27.77,Q
7/2/2016,11.42,81.5,27.36,Q
8/2/2016,9.29,80,27.08,Q
9/2/2016,8.19,83.06,26.97,Q
10/2/2016,7.31,87.25,26.9,Q
11/2/2016,4.93,88.06,26.88,Q
12/2/2016,4.82,88.12,27.28,Q
13/2/2016,5.16,86.38,27.65,Q
14/2/2016,4.08,79.75,28.12,Q
15/2/2016,5.58,81.81,28.02,Q
16/2/2016,8.16,79.19,27.73,Q
17/2/2016,6.77,77.69,27.58,Q
18/2/2016,7.06,84.31,27.55,Q
19/2/2016,7.25,85.69,27.35,Q
20/2/2016,8.49,82.5,27.44,Q
21/2/2016,7.89,78.88,27.44,Q
22/2/2016,6.27,80.38,27.44,Q
23/2/2016,6.58,82.31,27.57,Q
24/2/2016,8.19,82.75,27.58,Q
25/2/2016,9.38,79.19,27.59,Q
26/2/2016,7.64,81.19,27.43,Q
27/2/2016,8.09,84.94,27.41,Q
28/2/2016,8.37,84.88,27.49,Q
29/2/2016,8.91,83.62,27.57,Q
1/3/2016,8.49,83.06,27.46,Q
2/3/2016,8.45,83.62,27.51,Q
3/3/2016,7.64,83.94,27.43,Q
4/3/2016,6.43,84.62,27.45,Q
5/3/2016,5.8,85,27.39,Q
6/3/2016,5.34,84.31,27.49,Q
7/3/2016,5.57,81.12,27.82,Q
8/3/2016,3.81,82.75,27.55,Q
9/3/2016,4.19,82.75,27.61,Q
10/3/2016,4.05,83.75,27.68,Q
11/3/2016,4.81,83,27.4,Q
12/3/2016,4.92,82.69,27.7,Q
13/3/2016,5.38,85.81,27.62,Q
14/3/2016,4.09,83.81,27.4,Q
15/3/2016,4.44,79.12,27.25,Q
16/3/2016,3.36,74.75,27.76,Q
17/3/2016,4.74,75.56,27.91,Q
18/3/2016,3.93,79,27.19,Q
19/3/2016,3.3,82.19,27,Q
20/3/2016,3.8,83.25,27.26,Q
21/3/2016,4,82.88,27.82,Q
22/3/2016,2.85,75.56,28.35,Q
23/3/2016,2.66,79,27.89,Q
24/3/2016,3.2,74.62,28.06,Q
25/3/2016,3.54,74.5,28.17,Q
26/3/2016,5.95,76.69,28.89,Q
27/3/2016,7.3,75.81,28.94,Q
28/3/2016,7.69,77.94,28.67,Q
29/3/2016,6.75,75.81,28.44,Q
30/3/2016,5.75,76.06,28.36,Q
31/3/2016,4.76,77.94,28.25,Q
1/4/2016,4.58,79.31,28.28,Q
2/4/2016,4.21,81.19,28.43,Q
3/4/2016,4.03,84.88,28.16,Q
4/4/2016,3.86,83.19,28.37,Q
5/4/2016,3.55,82.38,28.38,Q
6/4/2016,2.4,79.56,28.15,Q
7/4/2016,3.08,76.75,28.46,Q
8/4/2016,3.54,83.31,28.45,Q
9/4/2016,3.7,81.06,28.92,Q
10/4/2016,3.5,82.69,28.59,Q
11/4/2016,1.91,80.69,28.74,Q
12/4/2016,2.8,81.5,29.19,Q
13/4/2016,3.83,82.12,29.62,Q
14/4/2016,3.96,84.56,29.23,Q
15/4/2016,3.62,85.38,28.9,Q
16/4/2016,2.68,79.62,29.3,Q
17/4/2016,3.23,79.31,29.67,Q
18/4/2016,2.41,75.56,29.6,Q
19/4/2016,4.35,77,29.88,Q
20/4/2016,4.86,76.75,29.7,Q
21/4/2016,3.8,74.19,29.62,Q
22/4/2016,2.63,76.5,29.48,Q
23/4/2016,2.43,76.38,29.32,Q
24/4/2016,2.09,75.06,29.32,Q
25/4/2016,2.17,72.88,29.53,Q
26/4/2016,1.2,70.56,29.6,Q
27/4/2016,1.73,73.12,29.67,Q
28/4/2016,1.89,73.31,29.83,Q
29/4/2016,1.81,73.38,29.93,Q
30/4/2016,1.29,66.12,30.06,Q
1/5/2016,2.34,74.81,29.81,Q
2/5/2016,3.22,76.44,29.87,Q
3/5/2016,2.66,76.56,29.83,Q
4/5/2016,2.73,75.69,30.01,Q
5/5/2016,2.52,76.69,29.87,Q
6/5/2016,2.33,77.06,29.62,Q
7/5/2016,2.48,78.94,29.52,Q
8/5/2016,2.09,75.12,29.8,Q
9/5/2016,2.51,74.56,29.94,Q
10/5/2016,2.88,78.44,29.81,Q
11/5/2016,1.88,78.31,29.7,Q
12/5/2016,2.57,80,29.48,Q
13/5/2016,1.79,78.12,29.44,Q
14/5/2016,1.53,73.25,29.66,Q
15/5/2016,0.68,72.5,29.83,Q
16/5/2016,1.43,74.75,29.05,Q
17/5/2016,1.01,70.81,29.8,Q
18/5/2016,3.13,79.56,29.76,Q
19/5/2016,2.55,77.69,29.62,Q
20/5/2016,2.64,78.25,29.58,Q
21/5/2016,3.33,82.38,29.15,Q
22/5/2016,2.45,76.5,29.01,Q
23/5/2016,2.62,76.69,29.57,Q
24/5/2016,4.27,80.75,29.89,Q
25/5/2016,2.7,79.69,30.02,Q
26/5/2016,3.95,83.44,29.27,Q
27/5/2016,5,82.25,29.73,Q
28/5/2016,3.99,82.06,29.26,Q
29/5/2016,1.31,78.75,29.18,Q
30/5/2016,3.9,83.12,28.43,Q
31/5/2016,1.73,78.38,28.34,Q
1/6/2016,1.27,73.5,28.73,Q
2/6/2016,2.56,78.06,29.05,Q
3/6/2016,2.91,78.5,29.23,Q
4/6/2016,3.48,75.12,29.06,Q
5/6/2016,3.04,77.75,29.33,Q
6/6/2016,3.79,78.81,29.63,Q
7/6/2016,3.45,79,29.69,Q
8/6/2016,4.02,79.38,29.56,Q
9/6/2016,3.65,79.31,29.48,Q
10/6/2016,3.91,79.75,29.34,Q
11/6/2016,6.06,81.06,29.37,Q
12/6/2016,5.02,78.62,29.06,Q
13/6/2016,3.63,79.5,28.86,Q
14/6/2016,3.16,80.69,28.65,Q
15/6/2016,2.83,81.5,28.79,Q
16/6/2016,3.21,80.56,29.04,Q
17/6/2016,4.38,77.81,29.04,Q
18/6/2016,3.98,78.81,28.18,Q
19/6/2016,2.27,80.94,27.32,Q
20/6/2016,2.63,73.19,28.55,Q
21/6/2016,3.99,73.81,29.76,Q
22/6/2016,5.25,79.62,28.86,Q
23/6/2016,4.99,78.44,29.39,Q
24/6/2016,5.76,77.62,29.08,Q
25/6/2016,5.27,76.06,29.47,Q
26/6/2016,5.55,79.19,29.5,Q
27/6/2016,5.18,77.88,28.87,Q
28/6/2016,5.38,75.12,29.62,Q
29/6/2016,4.2,78.62,29.62,Q
30/6/2016,3.51,81.12,29.37,Q
1/7/2016,3.21,79,29.19,Q
2/7/2016,5.17,82.81,29.23,Q
3/7/2016,4.26,81.62,29.39,Q
4/7/2016,3.81,79.94,29.4,Q
5/7/2016,5.8,80.19,29.59,Q
6/7/2016,5.02,80.62,29.59,Q
7/7/2016,4.7,80.62,29.4,Q
8/7/2016,5.65,78.69,29.69,Q
9/7/2016,5.22,79.25,29.5,Q
10/7/2016,4.41,78.25,29.63,Q
11/7/2016,5.56,81.25,29.33,Q
12/7/2016,4.55,79.56,29.58,Q
13/7/2016,4.59,81.19,29.28,Q
14/7/2016,4.87,80.38,28.88,Q
15/7/2016,2.25,78.56,28.69,Q
16/7/2016,1.45,79.88,28.14,Q
17/7/2016,1.58,79.88,28.05,Q
18/7/2016,1.97,78.5,28.38,Q
19/7/2016,4.5,75.81,28.87,Q
20/7/2016,4.55,80.62,28.57,Q
21/7/2016,2.98,78.19,28.52,Q
22/7/2016,3.88,81.75,28.2,Q
23/7/2016,4.34,81.19,28.29,Q
24/7/2016,4.02,78.38,28.8,Q
25/7/2016,5.02,74.94,28.85,Q
26/7/2016,4.89,80.94,28.14,Q
27/7/2016,4.19,76.31,28.97,Q
28/7/2016,4.71,79.69,28.84,Q
29/7/2016,3.81,79.69,28.64,Q
30/7/2016,2.32,70.06,28.73,Q
31/7/2016,1.81,79,28.33,Q
1/8/2016,4.4,83.81,28.26,Q
2/8/2016,6.29,82.19,28.94,Q
3/8/2016,5.71,80.81,28.8,Q
4/8/2016,6.76,78.94,28.87,Q
5/8/2016,4.84,78.31,29.05,Q
6/8/2016,2.68,77.94,28.68,Q
7/8/2016,4.63,85.5,28.51,Q
8/8/2016,3.54,83.81,28.82,Q
9/8/2016,3.68,83.88,28.87,Q
10/8/2016,3.53,81.31,28.8,Q
11/8/2016,5.38,83.75,28.33,Q
12/8/2016,6.17,80.12,29.09,Q
13/8/2016,6.07,79.19,29.53,Q
14/8/2016,6.34,80.06,29.22,Q
15/8/2016,6.06,82.31,29.11,Q
16/8/2016,6.26,83.88,28.81,Q
17/8/2016,5.73,84.06,28.76,Q
18/8/2016,6.4,83.69,29.14,Q
19/8/2016,5.48,81.94,29.25,Q
20/8/2016,5.62,81,29.21,Q
21/8/2016,6.05,84.19,28.68,Q
22/8/2016,5.78,79.75,28.9,Q
23/8/2016,4.79,82.31,28.94,Q
24/8/2016,6.23,82.44,28.76,Q
25/8/2016,7.12,80,29.17,Q
26/8/2016,6.42,79.88,29.04,Q
27/8/2016,2.98,77.25,28.13,Q
28/8/2016,2.12,78.69,28.23,Q
29/8/2016,3.98,84.25,28.37,Q
30/8/2016,3.59,84.12,28.34,Q
31/8/2016,1.78,82.12,28.15,Q
1/9/2016,1.68,77.5,28.15,Q
2/9/2016,3.97,78.06,28.42,Q
3/9/2016,3,72.12,29.15,Q
4/9/2016,2.39,74,29.18,Q
5/9/2016,2.86,78.81,28.6,Q
6/9/2016,4.84,81.62,28.9,Q
7/9/2016,5.54,82.5,28.43,Q
8/9/2016,4,75.19,29.11,Q
9/9/2016,3.95,79.31,28.96,Q
10/9/2016,3.89,83.31,28.44,Q
11/9/2016,4.84,80.75,28.93,Q
12/9/2016,6.12,79.88,28.8,Q
13/9/2016,5.24,79.38,29.3,Q
14/9/2016,4.33,78.75,28.64,Q
15/9/2016,3.75,77.81,28.73,Q
16/9/2016,2.34,77.62,28.13,Q
17/9/2016,1.27,79.69,27.49,Q
18/9/2016,2.66,78.69,28.33,Q
19/9/2016,3.44,78.81,28.89,Q
20/9/2016,3.18,78.88,28.45,Q
21/9/2016,1.66,81.38,27.38,Q
22/9/2016,2.13,80.44,27.14,Q
23/9/2016,2.65,79.38,27.99,Q
24/9/2016,2.96,81.25,28.19,Q
25/9/2016,2.41,83.25,28,Q
26/9/2016,1.32,80.06,27.73,Q
27/9/2016,2.09,78.44,28.05,Q
28/9/2016,2.54,80.25,28.18,Q
29/9/2016,1.12,74,28.31,Q
30/9/2016,1.88,80.12,28.03,Q
1/10/2016,1.78,78.44,27.91,Q
2/10/2016,3.5,82.06,28.57,Q
3/10/2016,5.2,81.31,28.65,Q
4/10/2016,2.75,76.44,29.07,Q
5/10/2016,3.21,80.62,28.7,Q
6/10/2016,4.55,78.75,28.69,Q
7/10/2016,5.58,82.56,28.05,Q
8/10/2016,4.57,78.06,28.57,Q
9/10/2016,2.86,81.06,27.81,Q
10/10/2016,2.56,76.69,28.58,Q
11/10/2016,1.01,76,28.62,Q
12/10/2016,2.56,79.19,28.99,Q
13/10/2016,3.19,79.69,28.97,Q
14/10/2016,6.87,75.94,29.23,Q
15/10/2016,4.77,77.62,29.01,Q
16/10/2016,5.69,85.5,28.15,Q
17/10/2016,5.5,80.44,28.58,Q
18/10/2016,4.38,81.44,28.75,Q
19/10/2016,4.62,82.19,28.7,Q
20/10/2016,4.05,78.19,28.76,Q
21/10/2016,3.86,80.69,28.35,Q
22/10/2016,2.71,85.12,27.29,Q
23/10/2016,2.88,83,27.2,Q
24/10/2016,3.67,85.62,27.17,Q
25/10/2016,1.02,80.12,27.19,Q
26/10/2016,2.55,84.25,26.95,Q
27/10/2016,2.82,80.69,27.94,Q
28/10/2016,1.52,79.19,27.69,Q
29/10/2016,2.55,81.69,27.62,Q
30/10/2016,5.03,82.19,27.69,Q
31/10/2016,3.09,81.56,27.89,Q
1/11/2016,2.79,86,26.9,Q
2/11/2016,3.92,85.56,27.28,Q
3/11/2016,3.96,81.94,27.79,Q
4/11/2016,2.89,80.75,27.75,Q
5/11/2016,5.78,85.06,27.76,Q
6/11/2016,3.52,81.69,28.08,Q
7/11/2016,1.28,79.94,27.85,Q
8/11/2016,1.44,79.31,28.28,Q
9/11/2016,1.06,80.88,27.65,Q
10/11/2016,1.64,81.38,27.33,Q
11/11/2016,2.22,84,27.33,Q
12/11/2016,1.41,82.12,27.37,Q
13/11/2016,1.87,82.38,27.55,Q
14/11/2016,1.62,81.19,27.67,Q
15/11/2016,1.97,81.12,27.81,Q
16/11/2016,1.9,80.81,27.63,Q
17/11/2016,2.04,80.75,27.72,Q
18/11/2016,1.2,77.56,28.01,Q
19/11/2016,1.63,77.12,28.33,Q
20/11/2016,1.49,78.81,28.5,Q
21/11/2016,2.27,82.56,28.33,Q
22/11/2016,3.15,83.06,28.22,Q
23/11/2016,3.51,84.44,27.87,Q
24/11/2016,1.73,82.31,27.51,Q
25/11/2016,1.34,78.5,27.96,Q
26/11/2016,1.81,78.69,28.32,Q
27/11/2016,3.16,81.69,28.12,Q
28/11/2016,4.33,83.94,28.09,Q
29/11/2016,7.1,89.12,27.94,Q
30/11/2016,8.64,85.06,28.37,Q
1/12/2016,6.01,85.75,27.82,Q
2/12/2016,4.39,86.5,27.15,Q
3/12/2016,2.79,84.12,27.25,Q
4/12/2016,2.6,81.31,27.9,Q
5/12/2016,2.66,82.25,27.99,Q
6/12/2016,3.28,82.94,27.87,Q
7/12/2016,4.6,85.38,28.12,Q
8/12/2016,4.53,86.94,27.87,Q
9/12/2016,2.88,86.88,26.74,Q
10/12/2016,3.84,86.5,26.71,Q
11/12/2016,4.76,83.69,26.9,Q
12/12/2016,5.96,77.62,28.22,Q
13/12/2016,2.55,78.69,27.76,Q
14/12/2016,1.35,79.31,27.83,Q
15/12/2016,2.16,81.06,27.7,Q
16/12/2016,2.77,78.38,27.93,Q
17/12/2016,5.63,84.56,27.8,Q
18/12/2016,6.59,83.62,28.02,Q
19/12/2016,6.36,86.19,27.4,Q
20/12/2016,3.22,85.62,27.15,Q
21/12/2016,3.81,82.31,27.37,Q
22/12/2016,2.36,85.44,27.23,Q
23/12/2016,4.89,86.56,27.56,Q
24/12/2016,4.93,87.12,27.49,Q
25/12/2016,5.54,84.69,27.43,Q
26/12/2016,7.16,85.44,27.12,Q
27/12/2016,7.09,83.38,27.16,Q
28/12/2016,7.5,80.56,27.48,Q
29/12/2016,7.15,80.75,27.62,Q
30/12/2016,7.31,84.81,27.42,Q
31/12/2016,5.87,86.75,26.93,Q
1/1/2017,7.56,86.88,27.4,R
2/1/2017,5.53,88.38,27.15,R
3/1/2017,4.85,89.5,26.58,R
4/1/2017,3.86,85,26.98,R
5/1/2017,3.32,85.31,27.23,R
6/1/2017,2.53,84.19,27.36,R
7/1/2017,2.53,84.5,27.3,R
8/1/2017,3.45,87.44,27.41,R
9/1/2017,4.47,86.12,27.65,R
10/1/2017,4.88,87.31,27.53,R
11/1/2017,4.91,83.44,27.65,R
12/1/2017,3.49,82.31,27.25,R
13/1/2017,3.14,82.75,27.06,R
14/1/2017,1.51,77.81,27.35,R
15/1/2017,2.44,78.56,27.29,R
16/1/2017,2.25,85.56,26.62,R
17/1/2017,3.59,87.31,26.55,R
18/1/2017,3.41,84.5,26.99,R
19/1/2017,3.82,82.88,27.51,R
20/1/2017,4.1,85.56,27.23,R
21/1/2017,7.7,86.75,27.04,R
22/1/2017,8.95,85.25,27.41,R
23/1/2017,7.37,85.25,27.26,R
24/1/2017,7.08,88.06,26.75,R
25/1/2017,6.05,88.06,26.33,R
26/1/2017,5.42,86.44,26.8,R
27/1/2017,8.96,85.38,26.87,R
28/1/2017,8.44,84.38,26.84,R
29/1/2017,6.77,85.81,26.76,R
30/1/2017,6.89,87.25,26.63,R
31/1/2017,6.93,82.75,26.76,R
1/2/2017,5.48,82.19,26.76,R
2/2/2017,4.21,85.06,26.62,R
3/2/2017,4.93,86.56,26.46,R
4/2/2017,4.56,88.44,26.51,R
5/2/2017,4.94,85.12,26.87,R
6/2/2017,5.46,86.19,26.77,R
7/2/2017,2.84,83.31,25.93,R
8/2/2017,4.22,78.56,26.76,R
9/2/2017,5.55,80.31,26.96,R
10/2/2017,8.17,83.31,26.72,R
11/2/2017,9.71,81.94,26.73,R
12/2/2017,10.72,82.56,26.6,R
13/2/2017,10.95,83.44,26.73,R
14/2/2017,10.6,83.62,26.62,R
15/2/2017,9.05,83.12,26.44,R
16/2/2017,8.34,83.31,26.26,R
17/2/2017,7.38,85.5,26.35,R
18/2/2017,7.7,88.12,26.49,R
19/2/2017,7.72,87.56,26.59,R
20/2/2017,6.01,85.88,26.65,R
21/2/2017,3.98,83.88,26.75,R
22/2/2017,2.59,87,26.44,R
23/2/2017,1.73,86.38,26.4,R
24/2/2017,2.2,85.25,26.48,R
25/2/2017,4.02,86.81,26.55,R
26/2/2017,5.7,87.12,26.7,R
27/2/2017,6.69,86.44,26.71,R
28/2/2017,6.9,88.44,26.69,R
1/3/2017,5.99,88.25,26.14,R
2/3/2017,7.69,86.12,26.69,R
3/3/2017,7.53,86.25,26.83,R
4/3/2017,5.44,83.31,26.76,R
5/3/2017,5.97,87.31,26.59,R
6/3/2017,5.05,79.25,26.93,R
7/3/2017,4.34,79.19,26.65,R
8/3/2017,5.16,81.31,26.42,R
9/3/2017,5.03,84.31,26.39,R
10/3/2017,5.17,82.19,26.78,R
11/3/2017,4.4,84.12,26.83,R
12/3/2017,3.21,83.75,26.65,R
13/3/2017,2.31,81.62,26.69,R
14/3/2017,1.92,81.69,27.06,R
15/3/2017,2.31,85.25,27.11,R
16/3/2017,3.07,81.75,27.41,R
17/3/2017,2.79,81.5,27.17,R
18/3/2017,3.21,79.31,28,R
19/3/2017,2.3,75.38,28.27,R
20/3/2017,1.77,78.06,27.73,R
21/3/2017,2.66,80.88,27.54,R
22/3/2017,4.64,83.25,27.73,R
23/3/2017,3.66,81.38,27.8,R
24/3/2017,2.3,82.19,27.94,R
25/3/2017,2.67,82.88,27.9,R
26/3/2017,4.07,81.31,28.27,R
27/3/2017,4.38,83.62,28.15,R
28/3/2017,4.48,85.5,27.91,R
29/3/2017,2.23,82.25,27.21,R
30/3/2017,2.77,83,27.31,R
31/3/2017,1.03,78.25,27.15,R
1/4/2017,2.73,81.06,27.69,R
2/4/2017,1.16,82.62,26.87,R
3/4/2017,1.83,83.06,26.89,R
4/4/2017,2.85,78.88,28.57,R
5/4/2017,2.95,82.75,28.42,R
6/4/2017,1.16,81.38,27.92,R
7/4/2017,1.72,80.44,28.01,R
8/4/2017,1.97,79.94,28.23,R
9/4/2017,1.24,79.75,28.15,R
10/4/2017,2.3,82.62,28.25,R
11/4/2017,2.9,83.62,28.4,R
12/4/2017,3.19,80.62,28.77,R
13/4/2017,2.09,80.94,28.33,R
14/4/2017,3.64,81.56,28.23,R
15/4/2017,4.34,80.5,28.55,R
16/4/2017,2.61,80.06,28.56,R
17/4/2017,1.75,78.69,28.8,R
18/4/2017,1.37,78,28.35,R
19/4/2017,1.37,76.81,28.4,R
20/4/2017,1.95,80.12,28.42,R
21/4/2017,2.45,80.19,28.73,R
22/4/2017,3.09,78.94,28.8,R
23/4/2017,2.91,78.44,29.1,R
24/4/2017,2.22,83.75,28.38,R
25/4/2017,1.16,79.94,28.33,R
26/4/2017,2.46,79.38,28.67,R
27/4/2017,2.62,79.69,28.65,R
28/4/2017,2.35,79.5,28.76,R
29/4/2017,2.65,78.5,28.76,R
30/4/2017,3.34,79.62,29.08,R
1/5/2017,2.52,79.06,28.86,R
2/5/2017,2.73,76.94,29.22,R
3/5/2017,2.82,78.88,29.26,R
4/5/2017,2.8,78.25,29.22,R
5/5/2017,2.34,76.94,29.15,R
6/5/2017,1.02,75.31,28.75,R
7/5/2017,0.9,73.5,28.8,R
8/5/2017,1.83,75.81,28.96,R
9/5/2017,4.27,81,29.4,R
10/5/2017,2.21,80.5,28.83,R
11/5/2017,1.79,80.56,28.48,R
12/5/2017,1.69,78.94,28.52,R
13/5/2017,2.24,76.81,29.08,R
14/5/2017,3.68,83,29.09,R
15/5/2017,5.35,83.88,29.32,R
16/5/2017,4.52,82.56,29.27,R
17/5/2017,5.15,80.56,29.71,R
18/5/2017,4.41,86,28.93,R
19/5/2017,4.48,85.5,29,R
20/5/2017,4.43,82.25,29.17,R
21/5/2017,5.15,84.5,29.26,R
22/5/2017,5.6,84.06,28.89,R
23/5/2017,4.63,82.56,29.23,R
24/5/2017,4.26,84.88,28.85,R
25/5/2017,4.18,83.12,28.83,R
26/5/2017,5.04,83.94,28.87,R
27/5/2017,2.99,83.56,28.84,R
28/5/2017,3.8,83.5,28.94,R
29/5/2017,3.71,84.69,28.81,R
30/5/2017,3.59,81.62,28.68,R
31/5/2017,2.36,80.81,28.7,R
1/6/2017,4.36,86.25,27.92,R
2/6/2017,5.3,77.38,29.24,R
3/6/2017,4.48,79.88,29.15,R
4/6/2017,5.23,82.38,29.14,R
5/6/2017,5.06,84.62,29.16,R
6/6/2017,4.3,82.56,29.48,R
7/6/2017,3.34,82.25,29.19,R
8/6/2017,3.3,81.38,28.94,R
9/6/2017,4.06,80.81,29.08,R
10/6/2017,4.28,81.12,29.14,R
11/6/2017,3.2,81.44,28.44,R
12/6/2017,2.14,73.69,29.09,R
13/6/2017,4.45,80.25,29.35,R
14/6/2017,4.07,80.81,28.79,R
15/6/2017,2.08,74.38,29.18,R
16/6/2017,2.1,78.25,28.69,R
17/6/2017,2.82,77,28.87,R
18/6/2017,5.25,79.88,29.15,R
19/6/2017,5.24,80.12,28.53,R
20/6/2017,2.77,74.19,28.94,R
21/6/2017,3.57,82.12,28.65,R
22/6/2017,3.28,79.38,28.83,R
23/6/2017,3.14,82.75,28.17,R
24/6/2017,2.71,78.19,28.36,R
25/6/2017,1.52,78.94,28.16,R
26/6/2017,1.32,78.44,27.96,R
27/6/2017,2.39,77.81,28.18,R
28/6/2017,2.89,79.81,28.59,R
29/6/2017,2.49,81.06,28.14,R
30/6/2017,3.79,81.81,28.38,R
1/7/2017,4.94,83.31,28.63,R
2/7/2017,3.45,80.56,28.89,R
3/7/2017,4.18,83.19,28.47,R
4/7/2017,4.21,83.12,28.74,R
5/7/2017,3.84,82.19,28.53,R
6/7/2017,5.99,72.88,29.27,R
7/7/2017,4.69,78,28.91,R
8/7/2017,3.82,81.88,28.35,R
9/7/2017,4.48,83.88,28.34,R
10/7/2017,3.56,77.62,28.69,R
11/7/2017,4.98,84.69,28.17,R
12/7/2017,7.2,82.44,28.2,R
13/7/2017,6.27,79.75,28.73,R
14/7/2017,6.34,82.06,28.26,R
15/7/2017,6.18,77.75,28.3,R
16/7/2017,8.12,78.12,28.85,R
17/7/2017,6.73,78.69,28.87,R
18/7/2017,5.91,82.5,28.65,R
19/7/2017,5.18,83.62,28.44,R
20/7/2017,5.03,83.69,28.22,R
21/7/2017,5.2,83.62,28.65,R
22/7/2017,5.41,82.44,28.85,R
23/7/2017,5.61,83.56,28.65,R
24/7/2017,6.27,83,28.64,R
25/7/2017,6.5,81.31,28.82,R
26/7/2017,6.8,82.06,28.85,R
27/7/2017,7.04,80.38,28.88,R
28/7/2017,6.26,80.38,28.94,R
29/7/2017,5.84,83.69,28.8,R
30/7/2017,5.64,84.62,28.83,R
31/7/2017,5.97,83.75,28.9,R
1/8/2017,6.39,83.94,28.94,R
2/8/2017,6.8,80.69,28.84,R
3/8/2017,7.74,77.44,28.93,R
4/8/2017,7.95,80.06,28.85,R
5/8/2017,7.02,81.62,28.94,R
6/8/2017,6.02,83.44,28.78,R
7/8/2017,5.23,85.38,28.37,R
8/8/2017,3.75,84.94,27.84,R
9/8/2017,4.2,84.81,27.5,R
10/8/2017,3.2,82,28.04,R
11/8/2017,2.99,82.5,27.5,R
12/8/2017,3.9,82.06,27.37,R
13/8/2017,4.73,82.75,27.42,R
14/8/2017,5.2,80,28.26,R
15/8/2017,5.23,80.88,28.11,R
16/8/2017,4.16,78.56,28.34,R
17/8/2017,3.95,80.56,27.93,R
18/8/2017,3.43,77.81,28.31,R
19/8/2017,4.3,79.44,28.49,R
20/8/2017,3.7,83.69,28.42,R
21/8/2017,4.03,84.62,28.22,R
22/8/2017,5.93,85.75,28,R
23/8/2017,5.54,79.25,28.74,R
24/8/2017,4.96,83.62,28.67,R
25/8/2017,4.91,83.5,28.37,R
26/8/2017,3.55,80,27.93,R
27/8/2017,5.17,82.31,28.21,R
28/8/2017,3.49,82.25,28.1,R
29/8/2017,3.35,84.75,27.33,R
30/8/2017,3.71,77.75,27.79,R
31/8/2017,3.73,77.88,28.5,R
1/9/2017,5.03,81.56,28.51,R
2/9/2017,3.99,81.19,28.52,R
3/9/2017,4.55,81.25,28.58,R
4/9/2017,4.77,82.31,28.4,R
5/9/2017,3.69,79.25,28.45,R
6/9/2017,3.53,81.81,28.17,R
7/9/2017,2.91,79.38,28.41,R
8/9/2017,2.91,81.19,28.27,R
9/9/2017,3.23,80.06,28.25,R
10/9/2017,3.59,80,28.26,R
11/9/2017,2.12,76.44,27.86,R
12/9/2017,2.66,74.88,28.62,R
13/9/2017,4.09,78.5,28.8,R
14/9/2017,5.05,81.94,28.66,R
15/9/2017,6.26,83.31,28.85,R
16/9/2017,5.13,84.31,28.48,R
17/9/2017,4.14,79.62,28.65,R
18/9/2017,3.14,81.69,27.9,R
19/9/2017,1.77,76.06,27.84,R
20/9/2017,4.6,81.94,28.03,R
21/9/2017,6.74,80.06,28.32,R
22/9/2017,5.7,77.69,28.97,R
23/9/2017,4.77,78.25,29.15,R
24/9/2017,5.03,75.12,29.19,R
25/9/2017,3.98,80.56,28.8,R
26/9/2017,1.36,80.5,28.02,R
27/9/2017,1.02,77,28.12,R
28/9/2017,2.09,80,28.04,R
29/9/2017,3.44,82.69,28.23,R
30/9/2017,3.63,83.56,28.27,R
1/10/2017,4.48,82.69,28.09,R
2/10/2017,3.92,81.56,28.29,R
3/10/2017,3.73,80.75,28.51,R
4/10/2017,4.45,77.88,28.32,R
5/10/2017,2,76.56,28.11,R
6/10/2017,1.81,75.19,28.82,R
7/10/2017,1.36,73.69,28.69,R
8/10/2017,1.47,68.25,28.8,R
9/10/2017,2.98,75.69,29.23,R
10/10/2017,6.21,79.5,28.9,R
11/10/2017,3.3,78.56,28.83,R
12/10/2017,1.81,84.69,27.65,R
13/10/2017,3.6,83.38,27.71,R
14/10/2017,4.09,79.5,28.82,R
15/10/2017,2.59,78.25,29.26,R
16/10/2017,2.82,78.31,28.62,R
17/10/2017,3.95,75.25,29.62,R
18/10/2017,2.12,82.19,28.81,R
19/10/2017,2.26,78.62,28.81,R
20/10/2017,2.06,76.5,28.23,R
21/10/2017,2.06,76.88,28.55,R
22/10/2017,3.02,82.38,28.35,R
23/10/2017,2.11,81.69,28.04,R
24/10/2017,1.94,84.31,27.78,R
25/10/2017,1.76,83.25,27.86,R
26/10/2017,1.82,79.81,28.17,R
27/10/2017,1.41,81.44,27.19,R
28/10/2017,2.02,78.56,28.14,R
29/10/2017,3.73,84.38,27.86,R
30/10/2017,4.46,85.94,27.62,R
31/10/2017,3.96,82.56,27.82,R
1/11/2017,3.55,82.25,27.99,R
2/11/2017,3.15,77.75,28.7,R
3/11/2017,4.3,82.62,28.28,R
4/11/2017,5.26,82.81,28.31,R
5/11/2017,5.19,80.62,28.74,R
6/11/2017,2.63,79.38,28.49,R
7/11/2017,2.6,80,28.33,R
8/11/2017,2.32,82.38,27.8,R
9/11/2017,2.66,84.06,27.43,R
10/11/2017,1.21,79.5,27.47,R
11/11/2017,2.16,80,27.92,R
12/11/2017,2.73,80.75,28.24,R
13/11/2017,1.95,83.12,27.91,R
14/11/2017,2.33,84.94,27.54,R
15/11/2017,2.57,83.25,27.65,R
16/11/2017,3.02,80.69,28.2,R
17/11/2017,1.65,81.12,27.9,R
18/11/2017,2.08,82.31,27.73,R
19/11/2017,1.56,75.25,28.55,R
20/11/2017,2.59,77.75,28.46,R
21/11/2017,3.55,79.75,28.47,R
22/11/2017,2.92,83.12,28.04,R
23/11/2017,5.38,86.06,27.57,R
24/11/2017,6.28,85.69,27.54,R
25/11/2017,5.41,85.31,27.8,R
26/11/2017,5.55,86.12,27.73,R
27/11/2017,5.55,83,27.5,R
28/11/2017,3.88,85.81,27.17,R
29/11/2017,1,82.38,26.93,R
30/11/2017,4.17,85.69,27.21,R
1/12/2017,2.66,82.75,27.66,R
2/12/2017,4.19,87.94,27.62,R
3/12/2017,3.26,82.12,28.23,R
4/12/2017,2.1,84.88,27.66,R
5/12/2017,2.81,85.38,27.6,R
6/12/2017,3.6,87.25,27.26,R
7/12/2017,4.3,87.62,27.65,R
8/12/2017,6.84,90.94,26.96,R
9/12/2017,7.14,80.75,27.33,R
10/12/2017,5.49,78.12,27.55,R
11/12/2017,5.45,81.19,27.58,R
12/12/2017,4.3,82.19,27.51,R
13/12/2017,4.66,82,27.48,R
14/12/2017,3.64,81.38,27.43,R
15/12/2017,3.7,81.94,27.39,R
16/12/2017,5.09,83,27.44,R
17/12/2017,8.38,80.31,27.72,R
18/12/2017,8.71,76.88,27.63,R
19/12/2017,8.84,79.19,27.3,R
20/12/2017,8.98,79.69,27.24,R
21/12/2017,9.59,80.44,27.05,R
22/12/2017,7.87,83.06,27.3,R
23/12/2017,5.38,87.81,27.19,R
24/12/2017,10.16,87.12,26.98,R
25/12/2017,5.8,82.44,27.29,R
26/12/2017,4.95,81.44,27.1,R
27/12/2017,2.34,81.31,26.94,R
28/12/2017,4.38,87.44,26.9,R
29/12/2017,6.44,88,27.13,R
30/12/2017,8.66,86.44,27.33,R
31/12/2017,9.27,85.94,26.93,R
1/1/2018,8.02,85.94,26.9,S
2/1/2018,7.34,89.44,26.62,S
3/1/2018,5.52,88.19,26.87,S
4/1/2018,4.62,88.5,26.83,S
5/1/2018,1.35,87.75,26.38,S
6/1/2018,2.15,85.94,26.55,S
7/1/2018,3.42,83.44,27.3,S
8/1/2018,3.01,85,27.17,S
9/1/2018,4.61,86.75,26.97,S
10/1/2018,5.12,88.75,26.27,S
11/1/2018,9.38,88.5,26.54,S
12/1/2018,9.22,87.56,26.28,S
13/1/2018,9.55,86.81,26.14,S
14/1/2018,9.54,87.19,25.93,S
15/1/2018,8.41,88.25,26.36,S
16/1/2018,6.28,88.62,26.11,S
17/1/2018,6.43,86.38,26.45,S
18/1/2018,6.1,83.81,26.66,S
19/1/2018,5.63,88.69,26.37,S
20/1/2018,5.13,87.75,26.4,S
21/1/2018,3.9,87.5,26.38,S
22/1/2018,4.34,89.44,26.39,S
23/1/2018,4.52,88.31,26.52,S
24/1/2018,4.27,88.56,26.29,S
25/1/2018,4.06,89.38,26.15,S
26/1/2018,3.77,88.38,26.46,S
27/1/2018,3.84,86.69,26.67,S
28/1/2018,3.16,89,26.24,S
29/1/2018,3.2,88.75,26.27,S
30/1/2018,4.76,86.88,26.82,S
31/1/2018,6.02,89.44,26.75,S
1/2/2018,6.34,86.94,26.96,S
2/2/2018,7.2,84.88,26.86,S
3/2/2018,8.59,81.88,26.85,S
4/2/2018,8.53,79.56,26.71,S
5/2/2018,8.73,77.88,26.56,S
6/2/2018,8.02,77.06,26.29,S
7/2/2018,7.44,77.06,26.19,S
8/2/2018,7.23,75.06,25.76,S
9/2/2018,6.09,76.5,25.65,S
10/2/2018,6.03,78.75,25.62,S
11/2/2018,7.26,80,25.94,S
12/2/2018,7.58,81.38,26.13,S
13/2/2018,6.98,84.06,26.22,S
14/2/2018,7.53,84.25,26.33,S
15/2/2018,4.68,83,26.36,S
16/2/2018,3.67,83.31,25.98,S
17/2/2018,4.05,82.31,26.17,S
18/2/2018,3.23,83.88,25.93,S
19/2/2018,4.81,82.81,26.3,S
20/2/2018,4.47,82.5,26.66,S
21/2/2018,4.31,85.69,26.51,S
22/2/2018,5.34,87.81,26.68,S
23/2/2018,5.81,88.06,26.73,S
24/2/2018,6.98,86.5,26.64,S
25/2/2018,6.22,80.94,27.17,S
26/2/2018,6.2,81,26.9,S
27/2/2018,6.28,85.69,26.74,S
28/2/2018,5.12,86.19,26.79,S
1/3/2018,3.81,84.94,26.95,S
2/3/2018,2.71,86.44,26.58,S
3/3/2018,2.93,85.69,26.92,S
4/3/2018,2.46,86.25,26.61,S
5/3/2018,4.41,83.94,27.29,S
6/3/2018,3.22,84.88,27.14,S
7/3/2018,3.77,88.94,26.79,S
8/3/2018,5.62,84.81,27.2,S
9/3/2018,6.85,83.44,27.37,S
10/3/2018,8.83,80.31,27.56,S
11/3/2018,7.7,84.12,27.14,S
12/3/2018,7.02,85.94,27.11,S
13/3/2018,5.55,87.19,26.94,S
14/3/2018,3.19,86.94,26.58,S
15/3/2018,3.05,85.94,26.9,S
16/3/2018,3.56,84.88,27.1,S
17/3/2018,3.71,85.56,27.06,S
18/3/2018,4.57,84.25,27.35,S
19/3/2018,3.52,83.25,27.09,S
20/3/2018,3.55,80,27.47,S
21/3/2018,3.61,80.69,27.37,S
22/3/2018,6.02,80.81,27.77,S
23/3/2018,5.03,78,27.73,S
24/3/2018,5.55,81.62,27.68,S
25/3/2018,4.16,85.56,27.33,S
26/3/2018,4.98,87.31,27.33,S
27/3/2018,4.49,81.06,27.8,S
28/3/2018,3.87,82.81,27.56,S
29/3/2018,2.8,79.12,27.81,S
30/3/2018,3.31,81.31,27.77,S
31/3/2018,3.55,82.25,27.44,S
1/4/2018,4.88,79.62,27.77,S
2/4/2018,4.58,79.5,27.76,S
3/4/2018,4.43,78.94,27.44,S
4/4/2018,3.84,80.06,27.32,S
5/4/2018,3.52,80.75,27.42,S
6/4/2018,3.61,82.88,27.23,S
7/4/2018,4.49,80.69,27.59,S
8/4/2018,6.67,79.69,28.27,S
9/4/2018,6.03,82.19,28.11,S
10/4/2018,2.52,78.88,28.09,S
11/4/2018,3.04,81.25,27.96,S
12/4/2018,2.83,84.38,27.83,S
13/4/2018,4.16,84.38,28.3,S
14/4/2018,2.48,81.75,28.2,S
15/4/2018,2.69,80.75,28.23,S
16/4/2018,3.3,77.12,28.34,S
17/4/2018,3.09,81.69,27.94,S
18/4/2018,4.79,85.62,27.76,S
19/4/2018,3.91,84.88,28.01,S
20/4/2018,3.91,84.19,28.19,S
21/4/2018,3.52,83.38,28.16,S
22/4/2018,3.07,79.31,28.52,S
23/4/2018,2.07,79.94,28.34,S
24/4/2018,1.49,78.88,28.26,S
25/4/2018,1.69,79.5,28.91,S
26/4/2018,2.22,84.88,28.21,S
27/4/2018,1.84,80.94,28.24,S
28/4/2018,3.71,82.75,28.51,S
29/4/2018,3.52,82.94,28.85,S
30/4/2018,3.34,81.12,28.95,S
1/5/2018,1.95,78.75,28.65,S
2/5/2018,1.51,72.69,28.78,S
3/5/2018,2.32,76.75,28.87,S
4/5/2018,2.2,77.75,28.73,S
5/5/2018,2.57,79.56,28.76,S
6/5/2018,2.75,79.12,29.08,S
7/5/2018,2.09,76.81,28.89,S
8/5/2018,3.67,77.56,29.17,S
9/5/2018,4.09,78.31,29.4,S
10/5/2018,3,77.44,29.38,S
11/5/2018,1.7,72.44,29.3,S
12/5/2018,2.21,72.81,29.37,S
13/5/2018,2.3,75.19,29.22,S
14/5/2018,1.09,73.69,29.12,S
15/5/2018,0.81,71.94,29.37,S
16/5/2018,0.98,71.5,29.18,S
17/5/2018,2.16,72.88,29.35,S
18/5/2018,1.7,75.81,29.19,S
19/5/2018,0.81,76.62,28.67,S
20/5/2018,0.7,74.69,28.49,S
21/5/2018,2.16,76.12,28.85,S
22/5/2018,2.05,76.62,29.12,S
23/5/2018,1.45,77.75,27.91,S
24/5/2018,1.7,75.69,28.43,S
25/5/2018,2.16,78.06,28.8,S
26/5/2018,1.09,78.25,28.42,S
27/5/2018,2.65,80.12,28.51,S
28/5/2018,2.48,79.19,28.76,S
29/5/2018,1.84,78.44,28.81,S
30/5/2018,2.01,74.5,28.91,S
31/5/2018,3.32,78.75,28.24,S
1/6/2018,2.49,76.12,28.73,S
2/6/2018,2.2,80.94,28.22,S
3/6/2018,2.58,79.5,29.01,S
4/6/2018,4.52,82.12,29.27,S
5/6/2018,4.77,82.12,29.54,S
6/6/2018,4.02,81.31,29.54,S
7/6/2018,4.26,79.31,29.66,S
8/6/2018,5.21,80,29.6,S
9/6/2018,4.64,79.19,29.64,S
10/6/2018,6,81.06,29.64,S
11/6/2018,5.01,81.94,29.48,S
12/6/2018,4.23,79.94,29.49,S
13/6/2018,3.86,81.06,29.23,S
14/6/2018,3.13,82.44,28.83,S
15/6/2018,6.14,83.25,28.71,S
16/6/2018,4.68,78.75,29.19,S
17/6/2018,4.37,82.31,29.08,S
18/6/2018,5.43,82.94,29.01,S
19/6/2018,5.47,83.44,28.92,S
20/6/2018,4.62,82.19,28.86,S
21/6/2018,3.4,80.69,28.66,S
22/6/2018,2.38,79.56,28.65,S
23/6/2018,3.02,82.25,28.19,S
24/6/2018,3.58,83.88,27.52,S
25/6/2018,3.35,82.56,27.4,S
26/6/2018,4.39,78.38,28.19,S
27/6/2018,4.3,80.62,27.87,S
28/6/2018,3.95,79.06,28.46,S
29/6/2018,4.52,82.62,27.87,S
30/6/2018,5.91,83.19,28.26,S
1/7/2018,4.52,85.44,27.86,S
2/7/2018,3.63,81.12,27.73,S
3/7/2018,4.31,82.56,27.73,S
4/7/2018,4.71,79.62,28.54,S
5/7/2018,6.16,77.75,28.89,S
6/7/2018,5.43,81.12,28.58,S
7/7/2018,5.18,80.62,28.76,S
8/7/2018,5.58,82.38,28.67,S
9/7/2018,5.64,83,28.73,S
10/7/2018,4.92,82.81,27.94,S
11/7/2018,4.37,82.12,28.12,S
12/7/2018,4.91,82.75,28.55,S
13/7/2018,6.45,84.62,28.58,S
14/7/2018,7.17,82,28.76,S
15/7/2018,6.47,84,28.34,S
16/7/2018,6.57,83.56,28.4,S
17/7/2018,7.3,84.38,28.47,S
18/7/2018,7.53,86.31,28.55,S
19/7/2018,6.98,86.19,28.35,S
20/7/2018,6.32,85.75,28.55,S
21/7/2018,3.37,82.94,28.13,S
22/7/2018,6,83.44,28.68,S
23/7/2018,5.8,83.38,28.73,S
24/7/2018,5.76,84.31,28.58,S
25/7/2018,4.54,84.5,28.33,S
26/7/2018,4.48,84.25,28.33,S
27/7/2018,5.2,80.81,28.51,S
28/7/2018,5.04,81.56,28.56,S
29/7/2018,4.8,83.19,28.39,S
30/7/2018,4.63,81.94,28.13,S
31/7/2018,3.88,85.5,27.41,S
1/8/2018,1.27,81,26.54,S
2/8/2018,5.13,79.69,27.86,S
3/8/2018,4.46,82.38,28.1,S
4/8/2018,6.09,83.25,28.4,S
5/8/2018,6.67,83.06,28.46,S
6/8/2018,5.95,85.06,28.3,S
7/8/2018,5.7,85.19,28.12,S
8/8/2018,5.24,83.81,27.82,S
9/8/2018,5.5,82.81,28.32,S
10/8/2018,5.69,84.31,28.44,S
11/8/2018,5.73,86.5,28.29,S
12/8/2018,6.48,84.06,28.49,S
13/8/2018,6.42,84.38,28.58,S
14/8/2018,6.64,84.25,28.61,S
15/8/2018,6.53,83.81,28.53,S
16/8/2018,5.67,84.06,28.23,S
17/8/2018,6.78,83.38,28.23,S
18/8/2018,7.24,81.75,28.48,S
19/8/2018,6.96,82.31,28.27,S
20/8/2018,4.78,82.56,28.05,S
21/8/2018,5.62,84.44,28.19,S
22/8/2018,6.47,84.38,28.22,S
23/8/2018,6.88,84.31,28.42,S
24/8/2018,5.08,84.25,28.3,S
25/8/2018,5.44,83.94,28.03,S
26/8/2018,5.17,85.06,28.1,S
27/8/2018,6.12,85.56,28.29,S
28/8/2018,4.35,85.19,28.19,S
29/8/2018,4.65,86.56,27.91,S
30/8/2018,3.73,82.12,27.84,S
31/8/2018,4.03,80.94,28.07,S
1/9/2018,3.58,79.62,27.82,S
2/9/2018,2.55,77.88,27.8,S
3/9/2018,5.43,81.19,28.32,S
4/9/2018,4.72,82.38,28.08,S
5/9/2018,2.55,81.19,27.73,S
6/9/2018,2.75,80.88,27.76,S
7/9/2018,5.59,82.25,28.08,S
8/9/2018,6.11,80.5,28.25,S
9/9/2018,5.2,81.31,28.3,S
10/9/2018,4.62,83.88,27.9,S
11/9/2018,4.35,80.12,27.88,S
12/9/2018,4.91,81.12,27.92,S
13/9/2018,5.13,75.69,28.65,S
14/9/2018,6.05,76.25,28.8,S
15/9/2018,6.14,76.31,28.74,S
16/9/2018,6.35,74.5,28.81,S
17/9/2018,5.88,75.38,28.65,S
18/9/2018,2.52,72.25,28.15,S
19/9/2018,2.17,68.88,28.33,S
20/9/2018,1.65,75.81,27.78,S
21/9/2018,2.12,80.88,27,S
22/9/2018,3.45,81.38,27.74,S
23/9/2018,3.86,79.19,28.47,S
24/9/2018,3.23,79.94,28.26,S
25/9/2018,1.79,77.44,28.12,S
26/9/2018,2.52,78.75,28.38,S
27/9/2018,2.56,80.75,28.31,S
28/9/2018,2.99,82.12,28.45,S
29/9/2018,3.02,80.94,28.44,S
30/9/2018,4.46,81.81,28.65,S
1/10/2018,3.86,79.06,28.8,S
2/10/2018,2.08,73.44,28.83,S
3/10/2018,1.92,73.94,28.73,S
4/10/2018,3.54,78,29.03,S
5/10/2018,3.07,78.94,28.99,S
6/10/2018,3.05,82.75,28.16,S
7/10/2018,2.13,83.25,27.31,S
8/10/2018,1.9,79.75,27.74,S
9/10/2018,2.09,80,27.67,S
10/10/2018,1.91,82.19,27.33,S
11/10/2018,2.39,81.75,27.76,S
12/10/2018,2.45,81.56,27.41,S
13/10/2018,3.2,81.56,27.54,S
14/10/2018,2.59,78.38,27.77,S
15/10/2018,2.35,81.31,27.96,S
16/10/2018,1.62,76.06,28.23,S
17/10/2018,1.91,75.94,28.24,S
18/10/2018,2.78,82.38,27.15,S
19/10/2018,2.89,76.75,27.91,S
20/10/2018,3.07,78.75,28.62,S
21/10/2018,3.88,79.75,28.62,S
22/10/2018,2.88,80.19,28.26,S
23/10/2018,2.23,77.06,27.87,S
24/10/2018,2.55,77.81,27.83,S
25/10/2018,1.95,82.38,27.63,S
26/10/2018,1.44,79.69,27.87,S
27/10/2018,2.06,79.62,28.24,S
28/10/2018,2.19,82.19,27.96,S
29/10/2018,2.78,83.5,28.24,S
30/10/2018,3.63,84.94,28.18,S
31/10/2018,5.06,79.19,28.58,S
1/11/2018,5.3,79.69,28.58,S
2/11/2018,3.46,83.06,28.05,S
3/11/2018,2.09,82.94,27.13,S
4/11/2018,3.83,79.44,28.56,S
5/11/2018,2.7,84.12,27.48,S
6/11/2018,4.48,86.88,27.4,S
7/11/2018,2.44,77.5,27.84,S
8/11/2018,2,78.12,28.12,S
9/11/2018,2.89,81.75,28.43,S
10/11/2018,2.79,80.81,28.15,S
11/11/2018,2.63,80.94,27.93,S
12/11/2018,0.94,79.31,27.77,S
13/11/2018,1.11,80.06,27.84,S
14/11/2018,2.12,78.56,27.94,S
15/11/2018,2.92,79.62,28.21,S
16/11/2018,3.36,80.94,28.19,S
17/11/2018,4.99,81.38,28.64,S
18/11/2018,2.49,79.75,27.95,S
19/11/2018,2.61,80.25,27.65,S
20/11/2018,2.05,79.62,27.86,S
21/11/2018,2.19,80.62,27.58,S
22/11/2018,2.95,82.19,27.86,S
23/11/2018,3.17,80.44,28.1,S
24/11/2018,2.16,79.25,28.33,S
25/11/2018,2.15,79.25,28.08,S
26/11/2018,1.48,70.94,28.56,S
27/11/2018,1.78,77.69,28.22,S
28/11/2018,3.66,83.12,28.26,S
29/11/2018,5.04,84.81,28.45,S
30/11/2018,4.45,83.56,28.39,S
1/12/2018,3.93,85.62,27.48,S
2/12/2018,3.85,84.06,27.8,S
3/12/2018,3.49,85,28.12,S
4/12/2018,3.36,83.25,28.18,S
5/12/2018,3.48,83.12,27.98,S
6/12/2018,3.29,85.25,27.76,S
7/12/2018,3.36,83.94,27.29,S
8/12/2018,3.16,83.25,27.65,S
9/12/2018,3.05,81.06,28.05,S
10/12/2018,2.08,83.19,27.91,S
11/12/2018,3.76,84.25,27.77,S
12/12/2018,2.71,84.56,27.52,S
13/12/2018,5.05,84,28.33,S
14/12/2018,6.13,82.44,28.6,S
15/12/2018,1.65,80.31,27.08,S
16/12/2018,1.27,79,27.46,S
17/12/2018,1.44,82.12,27.39,S
18/12/2018,2.24,81.69,27.9,S
19/12/2018,3.15,84.88,28.05,S
20/12/2018,4.19,88.19,27.5,S
21/12/2018,4.4,84.62,27.51,S
22/12/2018,5.09,83.62,27.78,S
23/12/2018,4.02,81.44,27.71,S
24/12/2018,4.4,82.44,27.8,S
25/12/2018,3.67,85.56,27.53,S
26/12/2018,3.52,85.62,27.29,S
27/12/2018,2.69,82.81,27.32,S
28/12/2018,3.37,79.81,27.99,S
29/12/2018,5.28,84,27.7,S
30/12/2018,5.62,83.56,27.87,S
31/12/2018,7.65,84.19,27.73,S
1/1/2019,7.99,80.19,28.11,T
2/1/2019,9.35,80.81,28.01,T
3/1/2019,6.56,79.81,28.45,T
4/1/2019,4.06,78,28.75,T
5/1/2019,5.32,85.88,27.87,T
6/1/2019,6.16,82.62,27.88,T
7/1/2019,7.23,84.19,27.87,T
8/1/2019,5.44,81.75,28.08,T
9/1/2019,6.3,84.62,27.74,T
10/1/2019,6.62,82.19,27.81,T
11/1/2019,5.99,81.5,27.51,T
12/1/2019,4.88,83.69,27.44,T
13/1/2019,5.29,87.12,27.34,T
14/1/2019,6.7,83.81,27.62,T
15/1/2019,6.47,82.81,27.68,T
16/1/2019,7.02,84.69,27.41,T
17/1/2019,7.51,86.25,27.28,T
18/1/2019,8.35,80.19,27.69,T
19/1/2019,7.38,82.62,27.47,T
20/1/2019,7.51,83.06,27.49,T
21/1/2019,7.12,80.5,27.49,T
22/1/2019,7.53,82.38,27.52,T
23/1/2019,8.86,80.38,27.62,T
24/1/2019,7.71,76.31,27.21,T
25/1/2019,7.07,76.81,26.95,T
26/1/2019,7.31,83.19,26.99,T
27/1/2019,8.4,83.94,27.58,T
28/1/2019,8.51,83.88,27.33,T
29/1/2019,8.16,84.5,27.27,T
30/1/2019,7.54,82.81,27.26,T
31/1/2019,6.17,81.69,27.28,T
1/2/2019,6.61,84.31,27.22,T
2/2/2019,5.32,87.38,26.98,T
3/2/2019,5.9,86.88,27.21,T
4/2/2019,5.69,78.25,27.67,T
5/2/2019,4.98,78.62,27.08,T
6/2/2019,4.02,81.06,26.78,T
7/2/2019,4.62,79.69,27.2,T
8/2/2019,3.98,87.25,26.81,T
9/2/2019,4.73,79.81,27.65,T
10/2/2019,5.84,76.31,27.48,T
11/2/2019,5.69,74.69,27.23,T
12/2/2019,5.27,81.12,27.38,T
13/2/2019,8.18,83.5,27.55,T
14/2/2019,6.92,78.94,27.41,T
15/2/2019,6.45,78.88,27.24,T
16/2/2019,5.3,77.31,27.55,T
17/2/2019,4.2,78.44,27.35,T
18/2/2019,3.26,82.75,27.02,T
19/2/2019,4.43,80.81,27.62,T
20/2/2019,5.21,82.62,27.37,T
21/2/2019,5.76,81.25,27.75,T
22/2/2019,5.16,76,27.8,T
23/2/2019,4.51,74.88,27.34,T
24/2/2019,4.42,76.75,27.38,T
25/2/2019,4.62,79.88,27.68,T
26/2/2019,6.99,79.19,27.95,T
27/2/2019,6.94,79.06,27.58,T
28/2/2019,5.86,76.62,27.75,T
1/3/2019,6.23,76.62,27.43,T
2/3/2019,4.79,72.06,27.2,T
3/3/2019,4,75.06,26.55,T
4/3/2019,3.84,76.81,26.9,T
5/3/2019,3.29,78.62,27.8,T
6/3/2019,3.97,78.81,28.19,T
7/3/2019,2.29,80.19,27.76,T
8/3/2019,4.01,79.94,27.86,T
9/3/2019,3.21,80.88,27.62,T
10/3/2019,3.02,77.06,28.05,T
11/3/2019,2.73,79.75,28,T
12/3/2019,2.55,82.81,27.55,T
13/3/2019,4.5,82.69,27.75,T
14/3/2019,4.71,79.19,27.8,T
15/3/2019,4.44,77.12,27.76,T
16/3/2019,5.19,79.56,27.74,T
17/3/2019,4.69,74.75,27.82,T
18/3/2019,4.15,75.12,27.69,T
19/3/2019,4.01,81.44,27.38,T
20/3/2019,4.47,79.06,27.64,T
21/3/2019,3.88,82.94,27.43,T
22/3/2019,2.57,80.44,27.5,T
23/3/2019,2.14,80.31,27.89,T
24/3/2019,2.52,77.06,28.33,T
25/3/2019,4.04,81.12,28.46,T
26/3/2019,6.2,80.44,28.46,T
27/3/2019,4.34,81.5,28.37,T
28/3/2019,3.59,84.19,28.11,T
29/3/2019,2.82,83.69,28.12,T
30/3/2019,2.28,81.62,28.19,T
31/3/2019,2.45,82.56,28.11,T
1/4/2019,2.09,82.94,27.9,T
2/4/2019,3.23,83.38,28.09,T
3/4/2019,2.89,81.75,27.9,T
4/4/2019,3.98,77.88,28.35,T
5/4/2019,4.23,78.06,27.86,T
6/4/2019,3.11,74.06,28.03,T
7/4/2019,3.16,73.56,28.63,T
8/4/2019,4.12,80.06,28.3,T
9/4/2019,3.09,78.31,28.7,T
10/4/2019,2.08,74.62,29.13,T
11/4/2019,1.85,81.06,28.51,T
12/4/2019,3.07,85,28.46,T
13/4/2019,3.36,82.56,28.67,T
14/4/2019,3.41,82.06,28.91,T
15/4/2019,2.2,76.38,29.02,T
16/4/2019,2.26,75.19,29.55,T
17/4/2019,2.21,76.12,29.31,T
18/4/2019,1.46,74.12,29.12,T
19/4/2019,1.55,71.56,29.21,T
20/4/2019,2.57,75.56,29.47,T
21/4/2019,2.97,80.38,29.36,T
22/4/2019,2.7,77.12,29.55,T
23/4/2019,3.45,76.62,29.87,T
24/4/2019,2.05,77.94,29.39,T
25/4/2019,1.23,79.38,29.18,T
26/4/2019,1.14,81.25,28.4,T
27/4/2019,2.69,79.94,28.63,T
28/4/2019,2.16,69.5,29.3,T
29/4/2019,3.16,78.19,29.44,T
30/4/2019,1.6,79.69,28.97,T
1/5/2019,1.98,79.38,29.26,T
2/5/2019,1.63,80.62,29.02,T
3/5/2019,2.55,80.56,29.28,T
4/5/2019,2.46,82.31,29.13,T
5/5/2019,2.57,78.94,29.39,T
6/5/2019,4.45,74.31,30.27,T
7/5/2019,4.67,75.81,30.32,T
8/5/2019,5.73,82.38,29.89,T
9/5/2019,5.16,79.06,30.02,T
10/5/2019,3.41,77.31,29.97,T
11/5/2019,2.29,82.06,29.06,T
12/5/2019,2.48,82.19,29.01,T
13/5/2019,3.18,81,29.29,T
14/5/2019,4.12,79.25,29.57,T
15/5/2019,2.3,75.19,29.69,T
16/5/2019,3.3,76.56,29.74,T
17/5/2019,3.64,77.69,29.48,T
18/5/2019,5.31,77,29.85,T
19/5/2019,4.71,81.5,29.39,T
20/5/2019,3.29,80.75,29.15,T
21/5/2019,3.65,84.06,28.99,T
22/5/2019,3.45,81.44,29.05,T
23/5/2019,2.86,76.38,29.39,T
24/5/2019,2.9,80.06,29.36,T
25/5/2019,3.72,81.56,29.4,T
26/5/2019,3.98,82.56,29.37,T
27/5/2019,3.8,79.81,29.55,T
28/5/2019,3.46,80.5,29.53,T
29/5/2019,2.17,75.69,29.73,T
30/5/2019,1.68,71.62,29.55,T
31/5/2019,1.83,71.44,29.83,T
1/6/2019,2.41,73.38,29.62,T
2/6/2019,2.51,76.56,29.12,T
3/6/2019,2.12,73.38,29.23,T
4/6/2019,2.96,82,28.69,T
5/6/2019,2.76,79.75,29.01,T
6/6/2019,2.53,82,28.57,T
7/6/2019,3.57,83.38,28.23,T
8/6/2019,4.5,80.81,28.83,T
9/6/2019,3.55,78.69,29.23,T
10/6/2019,3.77,78.94,29.48,T
11/6/2019,3.52,81.62,29.51,T
12/6/2019,5.43,86.25,28.73,T
13/6/2019,5.86,80.25,29.09,T
14/6/2019,4.23,78.44,29.33,T
15/6/2019,4.59,83.81,28.96,T
16/6/2019,4.66,80.69,29.61,T
17/6/2019,4.26,83.5,28.92,T
18/6/2019,3.38,79.88,28.43,T
19/6/2019,2.09,79.94,28.17,T
20/6/2019,3.43,82.69,28.59,T
21/6/2019,1.83,79.44,28.43,T
22/6/2019,4.4,84.38,28.4,T
23/6/2019,5.6,84.06,28.92,T
24/6/2019,6.27,81,29.41,T
25/6/2019,6.31,81.62,29.35,T
26/6/2019,5.04,82.56,28.94,T
27/6/2019,4.52,83.75,28.84,T
28/6/2019,6.08,83.81,29.2,T
29/6/2019,5.59,83.88,29.12,T
30/6/2019,5.55,83.81,28.99,T
1/7/2019,5.99,82.75,29.01,T
2/7/2019,5.18,80.75,29.17,T
3/7/2019,3.99,82.25,29.01,T
4/7/2019,5.02,81.81,29,T
5/7/2019,4.55,84.25,28.67,T
6/7/2019,2.86,82,28.55,T
7/7/2019,3.66,81.75,28.71,T
8/7/2019,4.54,82.38,28.65,T
9/7/2019,6.12,75.31,28.67,T
10/7/2019,5.04,77.88,28.84,T
11/7/2019,4.53,78.19,28.68,T
12/7/2019,4.62,79.94,28.78,T
13/7/2019,4.86,79.81,28.72,T
14/7/2019,4.84,82.5,28.62,T
15/7/2019,5.57,84,28.38,T
16/7/2019,6.89,81.06,28.8,T
17/7/2019,6.84,77.75,29.13,T
18/7/2019,7.21,77.31,29.03,T
19/7/2019,6.34,77.81,28.82,T
20/7/2019,4.9,81.31,28.73,T
21/7/2019,3.8,81.88,28.41,T
22/7/2019,4.04,81.25,28.27,T
23/7/2019,3.66,78.12,28.39,T
24/7/2019,4.5,81.25,28.43,T
25/7/2019,2.37,78.81,28.38,T
26/7/2019,3.27,79.81,28.38,T
27/7/2019,3.88,81.25,28.26,T
28/7/2019,5.05,82.56,28.39,T
29/7/2019,5.57,80.88,28.7,T
30/7/2019,6.36,82.62,28.49,T
31/7/2019,7.62,78.81,28.76,T
1/8/2019,7.12,76.75,28.71,T
2/8/2019,6.69,77.5,28.76,T
3/8/2019,5.08,82.69,28.4,T
4/8/2019,7.1,83.75,28.45,T
5/8/2019,7.01,81.06,28.58,T
6/8/2019,6.24,83,28.34,T
7/8/2019,5.05,83.12,28.17,T
8/8/2019,6.93,80.94,28.44,T
9/8/2019,7.53,83,28.51,T
10/8/2019,7.51,85.06,28.19,T
11/8/2019,6.48,85.12,28.09,T
12/8/2019,6.57,83.75,28.19,T
13/8/2019,5.56,84.62,28.12,T
14/8/2019,5.15,85.06,28.06,T
15/8/2019,5.15,83.88,28.14,T
16/8/2019,5.51,83.19,28.26,T
17/8/2019,6.2,84.25,28.16,T
18/8/2019,4.93,82.12,28.04,T
19/8/2019,5.3,84.88,27.9,T
20/8/2019,6.57,84.75,28.02,T
21/8/2019,6.16,82.94,28.12,T
22/8/2019,5.15,85.06,27.95,T
23/8/2019,5.48,83.5,28.06,T
24/8/2019,5.16,80.56,28.13,T
25/8/2019,3.94,82.25,28.02,T
26/8/2019,2.54,85.38,27.5,T
27/8/2019,3.23,85,27.46,T
28/8/2019,3.84,83.31,27.45,T
29/8/2019,6.62,82.06,28.4,T
30/8/2019,8.09,81.81,28.35,T
31/8/2019,6.11,78.06,28.31,T
1/9/2019,5.06,82.12,28.28,T
2/9/2019,4.4,83.25,28.48,T
3/9/2019,4.08,83.88,28.33,T
4/9/2019,5.62,83.19,28.51,T
5/9/2019,6.32,81.25,28.35,T
6/9/2019,5.93,80.69,28.32,T
7/9/2019,6.45,81.44,28.21,T
8/9/2019,6.44,80.06,28.18,T
9/9/2019,5.66,82.25,28.14,T
10/9/2019,5.76,83.81,28.06,T
11/9/2019,3.97,82.94,28.01,T
12/9/2019,2.91,81.75,27.97,T
13/9/2019,5.18,82.5,28.3,T
14/9/2019,6.48,83.94,28.11,T
15/9/2019,5.27,83.06,28,T
16/9/2019,4.84,81,28.06,T
17/9/2019,5.39,83,28.08,T
18/9/2019,5.36,84.56,28.2,T
19/9/2019,5.45,82.5,28.21,T
20/9/2019,5.01,81.62,27.96,T
21/9/2019,5.59,80.62,28.28,T
22/9/2019,4.11,81.56,28.51,T
23/9/2019,3.84,83.81,28.37,T
24/9/2019,5.27,79.12,29.17,T
25/9/2019,2.67,82.25,28.48,T
26/9/2019,1.63,77.75,27.81,T
27/9/2019,1.66,77.62,28.06,T
28/9/2019,1.32,76.56,28.08,T
29/9/2019,1.17,76.5,27.98,T
30/9/2019,2.78,78.31,28.02,T
1/10/2019,3.61,76.44,28.42,T
2/10/2019,2.28,78.19,27.8,T
3/10/2019,2.78,72.19,28.01,T
4/10/2019,1.97,74.56,27.89,T
5/10/2019,2.52,77.56,28.1,T
6/10/2019,1.09,74.62,27.88,T
7/10/2019,1.02,74.69,27.98,T
8/10/2019,0.91,75.44,27.98,T
9/10/2019,1.07,72.62,28.13,T
10/10/2019,1.55,74.62,28.22,T
11/10/2019,0.9,74.12,28.1,T
12/10/2019,1.3,72.25,28.62,T
13/10/2019,1.98,74.88,28.67,T
14/10/2019,2.31,76.69,28.59,T
15/10/2019,1.55,75,28.62,T
16/10/2019,2.39,75.69,28.84,T
17/10/2019,2.03,78.31,28.69,T
18/10/2019,1.59,76.06,28.57,T
19/10/2019,1.9,74.38,28.78,T
20/10/2019,1.76,72.94,28.99,T
21/10/2019,1.96,79.06,28.38,T
22/10/2019,2.37,81.62,27.9,T
23/10/2019,1.78,77.75,27.97,T
24/10/2019,1.47,73.88,28.55,T
25/10/2019,1.8,74.25,28.58,T
26/10/2019,1.5,78.25,27.72,T
27/10/2019,2.4,78.12,27.66,T
28/10/2019,1.73,79.06,27.58,T
29/10/2019,1.68,75.06,28.28,T
30/10/2019,1.7,73.81,28.52,T
31/10/2019,3.51,74.81,28.69,T
1/11/2019,4.3,73.19,28.89,T
2/11/2019,2.73,71.94,29.18,T
3/11/2019,1.49,78.5,28.15,T
4/11/2019,1.42,77.94,28.22,T
5/11/2019,1.37,77.12,28.3,T
6/11/2019,2.33,77.88,28.76,T
7/11/2019,1.62,74.94,29.22,T
8/11/2019,3.07,76.62,28.7,T
9/11/2019,1.28,76.69,28.28,T
10/11/2019,1.39,77.38,28.35,T
11/11/2019,1.51,80,28.24,T
12/11/2019,1.41,80.75,28.37,T
13/11/2019,3.44,83.75,28.27,T
14/11/2019,4.45,79.69,28.26,T
15/11/2019,2.52,84,27.35,T
16/11/2019,2.53,83.56,27.79,T
17/11/2019,1.6,80.19,28.13,T
18/11/2019,2.92,81.75,28.21,T
19/11/2019,3.94,83.94,27.94,T
20/11/2019,5.81,86.19,27.92,T
21/11/2019,6.72,82.94,28.27,T
22/11/2019,4.82,84.19,27.65,T
23/11/2019,4.85,83.19,27.83,T
24/11/2019,2.8,84.06,27.76,T
25/11/2019,3.99,84.44,27.59,T
26/11/2019,5.66,84.19,28.05,T
27/11/2019,4.93,83.31,28.15,T
28/11/2019,4.97,84.69,28.3,T
29/11/2019,5.88,88.06,28.01,T
30/11/2019,5.16,83.69,28.4,T
1/12/2019,5.27,85.75,27.97,T
2/12/2019,6.64,86.25,27.6,T
3/12/2019,8.54,78.12,28.17,T
4/12/2019,8.3,79.44,27.98,T
5/12/2019,7.45,79.94,28.03,T
6/12/2019,9.44,79.94,27.95,T
7/12/2019,10.09,80.44,27.82,T
8/12/2019,8.8,83.56,27.8,T
9/12/2019,9,83.31,27.65,T
10/12/2019,7.57,83.38,27.76,T
11/12/2019,8.45,83.25,27.45,T
12/12/2019,8.35,81.12,27.55,T
13/12/2019,7.3,84.75,27.31,T
14/12/2019,7.6,85.06,27.46,T
15/12/2019,5.17,89.25,26.89,T
16/12/2019,5.38,89.38,26.35,T
17/12/2019,3.2,85.38,26.63,T
18/12/2019,4.3,87.75,26.82,T
19/12/2019,5.24,86.19,27.08,T
20/12/2019,6.8,85.62,27.11,T
21/12/2019,6.6,87.12,26.87,T
22/12/2019,6.38,87.69,26.85,T
23/12/2019,5.23,86.75,26.94,T
24/12/2019,6.34,88.25,26.88,T
25/12/2019,5.69,82.19,27.05,T
26/12/2019,5.27,86,26.64,T
27/12/2019,6.36,83.06,26.71,T
28/12/2019,6.98,82.31,27.08,T
29/12/2019,6.43,82.62,27.15,T
30/12/2019,6.16,82.25,27.19,T
31/12/2019,7.46,86.25,26.95,T
1/1/2020,7.73,84.44,27.26,U
2/1/2020,7.55,84.69,27.34,U
3/1/2020,7.98,86.12,27.28,U
4/1/2020,8.38,84.62,27.19,U
5/1/2020,8.48,84.06,27.08,U
6/1/2020,7.64,85.62,26.89,U
7/1/2020,6.39,89.56,26.44,U
8/1/2020,7.34,88.69,26.97,U
9/1/2020,7.64,87.44,27.05,U
10/1/2020,5.91,88.19,26.8,U
11/1/2020,4.88,88,26.58,U
12/1/2020,4.75,85.5,26.76,U
13/1/2020,5.53,82.19,27.01,U
14/1/2020,7.18,85.25,26.96,U
15/1/2020,6.47,84.06,26.98,U
16/1/2020,5.7,83.06,27.08,U
17/1/2020,6.14,88.44,26.78,U
18/1/2020,5.38,89.06,26.88,U
19/1/2020,6.09,87.94,27.15,U
20/1/2020,7.41,87.12,27.02,U
21/1/2020,6.38,87.5,26.95,U
22/1/2020,6.22,86.31,27.19,U
23/1/2020,6.61,85,27.08,U
24/1/2020,7.05,79.12,27,U
25/1/2020,4.19,82,26.79,U
26/1/2020,3.95,83.06,26.85,U
27/1/2020,4.57,82.25,27.25,U
28/1/2020,3.71,83,27.42,U
29/1/2020,4.64,80.81,27.55,U
30/1/2020,5.88,78.44,27.56,U
31/1/2020,7.55,80.5,27.64,U
1/2/2020,8.42,83.62,27.51,U
2/2/2020,8.25,79.25,27.48,U
3/2/2020,6.81,81.44,27.08,U
4/2/2020,5.75,83.25,26.79,U
5/2/2020,6.66,82.75,26.99,U
6/2/2020,6.79,83.31,26.88,U
7/2/2020,7.34,80,27.04,U
8/2/2020,6.02,84.44,26.85,U
9/2/2020,6.92,87.38,26.94,U
10/2/2020,5.93,89.19,26.69,U
11/2/2020,5.69,86.94,27.15,U
12/2/2020,5.16,86.81,27.2,U
13/2/2020,5.25,82.94,27.35,U
14/2/2020,4.54,77.69,27.51,U
15/2/2020,3.4,81.31,26.69,U
16/2/2020,2.94,80.81,26.53,U
17/2/2020,4.49,84.38,27.12,U
18/2/2020,7.23,82.62,27.54,U
19/2/2020,8.29,84.06,27.34,U
20/2/2020,8.74,84.38,27.29,U
21/2/2020,9.09,84.94,27.3,U
22/2/2020,9.37,83.44,27.33,U
23/2/2020,8.28,84.62,27.12,U
24/2/2020,8.88,83.81,27.16,U
25/2/2020,6.18,83.5,27.09,U
26/2/2020,6.45,85.12,27.15,U
27/2/2020,6.41,83.69,27.32,U
28/2/2020,6.63,81.5,27.26,U
29/2/2020,6.26,79.75,27.3,U
1/3/2020,5.16,77.12,27.48,U
2/3/2020,4.57,86.12,26.9,U
3/3/2020,5.18,83.06,27.56,U
4/3/2020,4.62,83.69,27.44,U
5/3/2020,4.27,85,27.55,U
6/3/2020,3.77,79.88,27.51,U
7/3/2020,3.94,88,27.16,U
8/3/2020,3.02,77.94,27.58,U
9/3/2020,1.78,77.31,27.11,U
10/3/2020,2.89,78.75,27.58,U
11/3/2020,4.43,82.44,27.84,U
12/3/2020,4.48,84,27.72,U
13/3/2020,3.6,84.31,27.86,U
14/3/2020,5.1,86.56,27.98,U
15/3/2020,5.58,86.94,27.85,U
16/3/2020,6.79,80.88,27.93,U
17/3/2020,5.33,78.75,27.9,U
18/3/2020,6,78.62,27.68,U
19/3/2020,4.25,77.69,27.22,U
20/3/2020,3.45,77.88,27.29,U
21/3/2020,3.63,79.38,28.09,U
22/3/2020,4.13,85.19,27.69,U
23/3/2020,3.83,82.56,27.88,U
24/3/2020,4.79,80,28.23,U
25/3/2020,4.09,81.62,27.98,U
26/3/2020,4.87,81.06,28.43,U
27/3/2020,4.52,81.81,28.33,U
28/3/2020,3.41,79.75,27.9,U
29/3/2020,3.8,74.62,28.04,U
30/3/2020,2.62,70.69,28.37,U
31/3/2020,3.05,78.06,28.27,U
1/4/2020,2.86,78.56,28.68,U
2/4/2020,3.9,80.75,28.76,U
3/4/2020,5.12,83.31,28.53,U
4/4/2020,4.77,80.62,28.93,U
5/4/2020,5.15,80.12,29.13,U
6/4/2020,3.62,81.81,28.63,U
7/4/2020,1.83,83.5,27.9,U
8/4/2020,2.93,80.69,28.4,U
9/4/2020,3.81,79.31,28.61,U
10/4/2020,2.68,70.75,29.16,U
11/4/2020,3.34,77.38,28.88,U
12/4/2020,3.95,80.12,29.16,U
13/4/2020,4.64,81.38,28.48,U
14/4/2020,4.3,76.88,28.62,U
15/4/2020,4.06,70.81,29.44,U
16/4/2020,3.69,75.06,28.94,U
17/4/2020,2.34,71.19,29.4,U
18/4/2020,3.29,78.81,28.98,U
19/4/2020,2.68,82.62,28.63,U
20/4/2020,3.34,81.44,29.06,U
21/4/2020,3.44,81.06,29.3,U
22/4/2020,2.47,81.62,28.92,U
23/4/2020,2.08,80.88,28.65,U
24/4/2020,1.98,82.69,28.21,U
25/4/2020,2.74,85,27.83,U
26/4/2020,2.41,81.75,27.95,U
27/4/2020,2.2,83.81,27.58,U
28/4/2020,4.15,84.25,27.61,U
29/4/2020,3.05,80.19,28.19,U
30/4/2020,2.79,80.88,28.41,U
1/5/2020,1.55,78.81,28.44,U
2/5/2020,2.46,84.25,28.02,U
3/5/2020,2.15,80.5,28.65,U
4/5/2020,1.55,77.81,28.89,U
5/5/2020,1.64,78.25,28.97,U
6/5/2020,2.26,80.81,28.88,U
7/5/2020,2.82,84.62,28.8,U
8/5/2020,3.69,83.94,29.27,U
9/5/2020,4.01,82.38,29.7,U
10/5/2020,3.12,82.88,29.38,U
11/5/2020,3.09,82.5,29.38,U
12/5/2020,3.16,82,29.37,U
13/5/2020,2.98,82.44,28.64,U
14/5/2020,1.09,77.62,28.79,U
15/5/2020,1.62,75.25,29.16,U
16/5/2020,2.43,78,29.62,U
17/5/2020,1.34,77.31,29.36,U
18/5/2020,4.03,82.81,29.18,U
19/5/2020,3.2,84.69,29.32,U
20/5/2020,2.94,82.81,29.4,U
21/5/2020,1.8,79.56,29.65,U
22/5/2020,2.64,79.81,28.98,U
23/5/2020,3.27,79.88,28.9,U
24/5/2020,3.2,79.5,29.38,U
25/5/2020,3.06,79.19,29.53,U
26/5/2020,1.8,77.12,29.39,U
27/5/2020,3.53,77.88,29.39,U
28/5/2020,3.3,78.25,29.55,U
29/5/2020,3.41,80.75,29.37,U
30/5/2020,2.58,78.75,29.12,U
31/5/2020,1.13,74.5,29.3,U
1/6/2020,3.15,77.62,29.21,U
2/6/2020,2.48,78.94,28.78,U
3/6/2020,2.55,77.19,29.36,U
4/6/2020,2.09,79.75,28.83,U
5/6/2020,5.12,83.25,28.61,U
6/6/2020,5.32,78.44,29.05,U
7/6/2020,3.07,74.12,29.4,U
8/6/2020,2.07,76.5,29.14,U
9/6/2020,4.15,80.25,29.33,U
10/6/2020,4.74,81.12,29.46,U
11/6/2020,2.75,82.12,28.8,U
12/6/2020,3.2,84,28.52,U
13/6/2020,5.41,84.94,28.66,U
14/6/2020,4.28,77.62,29.33,U
15/6/2020,2.79,77.88,29.36,U
16/6/2020,3.25,79.56,28.99,U
17/6/2020,1.38,77.75,28.51,U
18/6/2020,1.09,77.69,27.78,U
19/6/2020,2.74,79.5,28.38,U
20/6/2020,3.44,84.56,28.19,U
21/6/2020,3.49,84.38,28.19,U
22/6/2020,4.09,83.56,28.4,U
23/6/2020,4.74,82.56,28.37,U
24/6/2020,7.34,84.31,28.05,U
25/6/2020,4.19,77.69,28.94,U
26/6/2020,4.75,79.12,28.96,U
27/6/2020,4.81,79.38,28.79,U
28/6/2020,5.9,78.88,29.26,U
29/6/2020,5.74,79.88,29.4,U
30/6/2020,4.82,80.81,29.1,U
1/7/2020,3.04,81.44,28.38,U
2/7/2020,4.37,81.88,28.59,U
3/7/2020,4.24,80.19,29.05,U
4/7/2020,3.35,81.19,28.52,U
5/7/2020,1.97,74.06,28.62,U
6/7/2020,3.87,79.69,28.71,U
7/7/2020,3.88,80.94,28.34,U
8/7/2020,2.73,81.19,27.75,U
9/7/2020,4.02,81.69,27.76,U
10/7/2020,3.91,78.06,27.88,U
11/7/2020,5.13,81.94,28.32,U
12/7/2020,4.71,83.88,28.17,U
13/7/2020,4.9,84,27.86,U
14/7/2020,4.05,80.94,27.81,U
15/7/2020,2.11,77.94,28.03,U
16/7/2020,3.17,79,28.62,U
17/7/2020,2.03,78.19,28.55,U
18/7/2020,2.51,77.62,28.39,U
19/7/2020,2.75,78.69,28.3,U
20/7/2020,3.44,77.69,28.87,U
21/7/2020,2.6,78.06,28.76,U
22/7/2020,2.89,79.44,28.48,U
23/7/2020,3.46,78.5,28.38,U
24/7/2020,3.19,78.88,27.66,U
25/7/2020,3.78,79.94,28.24,U
26/7/2020,5,85.44,28.12,U
27/7/2020,5.41,85.38,28.07,U
28/7/2020,4.71,81.81,28.28,U
29/7/2020,4.8,84.38,27.68,U
30/7/2020,4.6,79.81,28.37,U
31/7/2020,5.87,82.88,28.43,U
1/8/2020,6.74,83.19,28.48,U
2/8/2020,6.02,80.94,28.87,U
3/8/2020,5.63,79.31,28.99,U
4/8/2020,4.27,81.69,28.64,U
5/8/2020,4.92,81.19,28.57,U
6/8/2020,2.91,77.69,28.76,U
7/8/2020,4.73,84.12,28.71,U
8/8/2020,5.45,84.38,28.93,U
9/8/2020,5.73,84.19,29.2,U
10/8/2020,5.12,84.62,29.07,U
11/8/2020,5.48,81.62,28.76,U
12/8/2020,4.48,83.19,28.61,U
13/8/2020,4.23,82.56,28.37,U
14/8/2020,2.7,79.25,27.69,U
15/8/2020,1.75,77.19,27.99,U
16/8/2020,4.12,81.5,28.36,U
17/8/2020,4.3,78,28.84,U
18/8/2020,5.2,81.25,28.5,U
19/8/2020,2.41,78.94,28.12,U
20/8/2020,3.3,79.88,28.5,U
21/8/2020,4.08,83.81,28.51,U
22/8/2020,4.2,85.56,28.14,U
23/8/2020,4.78,85.12,27.64,U
24/8/2020,2.93,76.44,28.44,U
25/8/2020,3.23,81.31,28.31,U
26/8/2020,5.34,82.19,28.38,U
27/8/2020,5.58,81.94,28.26,U
28/8/2020,5.71,80.62,28.8,U
29/8/2020,6.09,81.69,28.72,U
30/8/2020,4.95,82.5,28.64,U
31/8/2020,5.01,82.19,28.8,U
1/9/2020,4.89,84.38,28.48,U
2/9/2020,3.86,81,28.36,U
3/9/2020,2.73,81.69,28.07,U
4/9/2020,3.59,83.44,27.81,U
5/9/2020,5.3,83.06,28.04,U
6/9/2020,3.93,79.75,28.23,U
7/9/2020,4.16,79.62,28.48,U
8/9/2020,3.77,81.88,28.39,U
9/9/2020,2.97,83.19,28.06,U
10/9/2020,3.65,80.88,28.25,U
11/9/2020,4.5,82.94,27.95,U
12/9/2020,4.34,83.75,27.64,U
13/9/2020,4.7,81.38,27.48,U
14/9/2020,5.04,80.75,27.63,U
15/9/2020,5.58,82,28.17,U
16/9/2020,5.91,83.19,28.15,U
17/9/2020,5.7,79.31,28.79,U
18/9/2020,6.66,80.81,28.89,U
19/9/2020,4.34,80.56,28.92,U
20/9/2020,3.11,82.25,28.11,U
21/9/2020,2.73,80.19,27.79,U
22/9/2020,3.4,80.88,27.94,U
23/9/2020,3.05,78.19,28.48,U
24/9/2020,3.73,81.44,28.08,U
25/9/2020,0.86,77.75,27.69,U
26/9/2020,4.25,83.31,27.2,U
27/9/2020,6.25,82.19,27.72,U
28/9/2020,5.68,81.81,28.33,U
29/9/2020,4.28,82.56,28.35,U
30/9/2020,2.1,81.56,27.85,U
1/10/2020,1.58,80.56,27.8,U
2/10/2020,2.79,85.31,27.4,U
3/10/2020,6.04,79.81,28.54,U
4/10/2020,4.18,78.62,28.25,U
5/10/2020,3.15,75.06,28.64,U
6/10/2020,4.04,81.06,28.63,U
7/10/2020,4.8,82.94,28.51,U
8/10/2020,4.28,83.19,28.03,U
9/10/2020,5.01,83,28.01,U
10/10/2020,6.02,82.94,28.39,U
11/10/2020,6.59,82.25,28.52,U
12/10/2020,7.5,80.31,28.78,U
13/10/2020,5.48,80.62,28.62,U
14/10/2020,5.41,77.94,29.08,U
15/10/2020,6.45,78.5,29.01,U
16/10/2020,6.29,79.44,28.99,U
17/10/2020,5.59,81.25,29.29,U
18/10/2020,4.84,80.56,28.9,U
19/10/2020,2.44,80.44,28.15,U
20/10/2020,2.01,82.44,27.86,U
21/10/2020,1.91,80.5,27.89,U
22/10/2020,3.98,81.69,27.55,U
23/10/2020,2.62,82.94,27.33,U
24/10/2020,1.16,78,27.83,U
25/10/2020,3.89,78.69,28.46,U
26/10/2020,3.22,81.12,27.84,U
27/10/2020,2.04,78.81,28.38,U
28/10/2020,4.43,82.5,28.79,U
29/10/2020,3.62,81.75,28.45,U
30/10/2020,2.07,81.69,27.97,U
31/10/2020,3.03,81.12,28.37,U
1/11/2020,3.85,82.06,28.17,U
2/11/2020,3.06,82.38,27.78,U
